track,direction,frame,pol,n_dates,first,last,span_days,max_gap_days,n_12day,n_beta,n_prov,crids
53,A,44,NASV,12,2025-10-20,2026-07-23,276,156,10,8,4,P05023/X05009/X05010
53,A,45,NASV,12,2025-10-20,2026-07-23,276,156,10,8,4,P05023/X05009/X05010
53,D,46,NASV,12,2025-10-20,2026-07-23,276,156,10,8,4,P05023/X05009/X05010
53,D,47,NASV,12,2025-10-20,2026-07-23,276,156,10,8,4,P05023/X05009/X05010
54,A,42,NASV,12,2025-10-20,2026-07-23,276,156,10,8,4,P05023/X05009/X05010
54,A,43,NASV,12,2025-10-20,2026-07-23,276,156,10,8,4,P05023/X05009/X05010
54,A,44,NASV,12,2025-10-20,2026-07-23,276,156,10,8,4,P05023/X05009/X05010
54,A,45,NASV,12,2025-10-20,2026-07-23,276,156,10,8,4,P05023/X05009/X05010
57,A,20,DHDH,12,2025-10-21,2026-07-24,276,156,10,8,4,P05023/X05009/X05010
57,A,21,DHDH,12,2025-10-21,2026-07-24,276,156,10,8,4,P05023/X05009/X05010
57,A,22,DHDH,12,2025-10-21,2026-07-24,276,156,10,8,4,P05023/X05009/X05010
67,D,119,NASV,12,2025-10-21,2026-07-24,276,156,10,8,4,P05023/X05009/X05010
67,D,120,NASV,12,2025-10-21,2026-07-24,276,156,10,8,4,P05023/X05009/X05010
67,D,121,NASV,12,2025-10-21,2026-07-24,276,156,10,8,4,P05023/X05009/X05010
67,D,122,NASV,12,2025-10-21,2026-07-24,276,156,10,8,4,P05023/X05009/X05010
67,D,123,NASV,12,2025-10-21,2026-07-24,276,156,10,8,4,P05023/X05009/X05010
67,D,124,NASV,12,2025-10-21,2026-07-24,276,156,10,8,4,P05023/X05009/X05010
69,D,64,DHDH,12,2025-10-21,2026-07-24,276,156,10,8,4,P05023/X05009/X05010
69,D,65,DHDH,12,2025-10-21,2026-07-24,276,156,10,8,4,P05023/X05009/X05010
69,D,66,DHDH,12,2025-10-21,2026-07-24,276,156,10,8,4,P05023/X05009/X05010
69,D,69,DHDH,12,2025-10-21,2026-07-24,276,156,10,8,4,P05023/X05009/X05010
69,D,70,DHDH,12,2025-10-21,2026-07-24,276,156,10,8,4,P05023/X05009/X05010
69,D,71,DHDH,12,2025-10-21,2026-07-24,276,156,10,8,4,P05023/X05009/X05010
69,D,73,NADV,12,2025-10-21,2026-07-24,276,156,10,8,4,P05023/X05009/X05010
69,D,74,NADV,12,2025-10-21,2026-07-24,276,156,10,8,4,P05023/X05009/X05010
71,D,70,NADV,12,2025-10-22,2026-07-25,276,156,10,8,4,P05023/X05009/X05010
71,D,71,NADV,12,2025-10-22,2026-07-25,276,156,10,8,4,P05023/X05009/X05010
75,A,140,NASV,12,2025-10-22,2026-07-25,276,156,10,8,4,P05023/X05009/X05010
81,D,119,NASV,12,2025-10-22,2026-07-25,276,156,10,8,4,P05023/X05009/X05010
81,D,120,NASV,12,2025-10-22,2026-07-25,276,156,10,8,4,P05023/X05009/X05010
81,D,121,NASV,12,2025-10-22,2026-07-25,276,156,10,8,4,P05023/X05009/X05010
81,D,122,NASV,12,2025-10-22,2026-07-25,276,156,10,8,4,P05023/X05009/X05010
81,D,123,NASV,12,2025-10-22,2026-07-25,276,156,10,8,4,P05023/X05009/X05010
81,D,124,NASV,12,2025-10-22,2026-07-25,276,156,10,8,4,P05023/X05009/X05010
81,D,125,NASV,12,2025-10-22,2026-07-25,276,156,10,8,4,P05023/X05009/X05010
82,A,44,NASV,12,2025-10-22,2026-07-25,276,156,10,8,4,P05023/X05009/X05010
82,A,45,NASV,12,2025-10-22,2026-07-25,276,156,10,8,4,P05023/X05009/X05010
82,D,46,NASV,12,2025-10-22,2026-07-25,276,156,10,8,4,P05023/X05009/X05010
82,D,47,NASV,12,2025-10-22,2026-07-25,276,156,10,8,4,P05023/X05009/X05010
84,D,73,DHDH,12,2025-10-23,2026-07-26,276,156,10,8,4,P05023/X05009/X05010
85,A,20,DHDH,12,2025-10-23,2026-07-26,276,156,10,8,4,P05023/X05009/X05010
85,A,22,DHDH,12,2025-10-23,2026-07-26,276,156,10,8,4,P05023/X05009/X05010
85,A,23,DHDH,12,2025-10-23,2026-07-26,276,156,10,8,4,P05023/X05009/X05010
85,A,24,DHDH,12,2025-10-23,2026-07-26,276,156,10,8,4,P05023/X05009/X05010
85,D,69,DHDH,12,2025-10-23,2026-07-26,276,156,10,8,4,P05023/X05009/X05010
85,D,70,DHDH,12,2025-10-23,2026-07-26,276,156,10,8,4,P05023/X05009/X05010
87,D,56,DHDH,12,2025-10-23,2026-07-26,276,156,10,8,8,P05023/X05009/X05010
87,D,57,DHDH,12,2025-10-23,2026-07-26,276,156,10,8,4,P05023/X05009/X05010
87,D,58,DHDH,12,2025-10-23,2026-07-26,276,156,10,8,4,P05023/X05009/X05010
87,D,59,DHDH,12,2025-10-23,2026-07-26,276,156,10,8,4,P05023/X05009/X05010
87,D,60,DHDH,12,2025-10-23,2026-07-26,276,156,10,8,4,P05023/X05009/X05010
89,A,140,NASV,12,2025-10-23,2026-07-26,276,156,10,8,4,P05023/X05009/X05010
89,A,141,NASV,12,2025-10-23,2026-07-26,276,156,10,8,4,P05023/X05009/X05010
89,A,142,NASV,12,2025-10-23,2026-07-26,276,156,10,8,4,P05023/X05009/X05010
89,A,143,NASV,12,2025-10-23,2026-07-26,276,156,10,8,4,P05023/X05009/X05010
89,A,144,NASV,12,2025-10-23,2026-07-26,276,156,10,8,4,P05023/X05009/X05010
89,A,145,NASV,12,2025-10-23,2026-07-26,276,156,10,8,4,P05023/X05009/X05010
89,A,146,NASV,12,2025-10-23,2026-07-26,276,156,10,8,4,P05023/X05009/X05010
89,A,147,NASV,12,2025-10-23,2026-07-26,276,156,10,8,4,P05023/X05009/X05010
92,A,32,DHDH,12,2025-10-23,2026-07-26,276,156,10,8,4,P05023/X05009/X05010
92,A,33,DHDH,12,2025-10-23,2026-07-26,276,156,10,8,4,P05023/X05009/X05010
93,D,101,DHDH,12,2025-10-23,2026-07-26,276,156,10,8,4,P05023/X05009/X05010
93,D,102,DHDH,12,2025-10-23,2026-07-26,276,156,10,8,4,P05023/X05010
96,D,122,NASV,12,2025-10-23,2026-07-26,276,156,10,8,4,P05023/X05009/X05010
97,A,38,NASV,12,2025-10-23,2026-07-26,276,156,10,8,4,P05023/X05009/X05010
97,A,39,NASV,12,2025-10-23,2026-07-26,276,156,10,8,4,P05023/X05009/X05010
97,A,40,NASV,12,2025-10-23,2026-07-26,276,156,10,8,4,P05023/X05009/X05010
97,A,41,NASV,12,2025-10-23,2026-07-26,276,156,10,8,4,P05023/X05009/X05010
97,A,42,NASV,12,2025-10-23,2026-07-26,276,156,10,8,4,P05023/X05009/X05010
97,A,43,NASV,12,2025-10-23,2026-07-26,276,156,10,8,4,P05023/X05009/X05010
97,A,44,NASV,12,2025-10-23,2026-07-26,276,156,10,8,4,P05023/X05009/X05010
97,A,45,NASV,12,2025-10-23,2026-07-26,276,156,10,8,4,P05023/X05009/X05010
98,A,43,NASV,12,2025-10-23,2026-07-26,276,156,10,8,4,P05023/X05009/X05010
99,D,65,DHDH,12,2025-10-24,2026-07-27,276,156,10,8,4,P05023/X05009/X05010
99,D,66,DHDH,12,2025-10-24,2026-07-27,276,156,10,8,4,P05023/X05009/X05010
99,D,67,DHDH,12,2025-10-24,2026-07-27,276,156,10,8,4,P05023/X05009/X05010
99,D,68,DHDH,12,2025-10-24,2026-07-27,276,156,10,8,4,P05023/X05009/X05010
99,D,69,DHDH,12,2025-10-24,2026-07-27,276,156,10,8,4,P05023/X05009/X05010
99,D,70,DHDH,12,2025-10-24,2026-07-27,276,156,10,8,4,P05023/X05009/X05010
99,D,71,DHDH,12,2025-10-24,2026-07-27,276,156,10,8,4,P05023/X05009/X05010
99,D,72,DHDH,12,2025-10-24,2026-07-27,276,156,10,8,4,P05023/X05009/X05010
99,D,73,DHDH,12,2025-10-24,2026-07-27,276,156,10,8,4,P05023/X05009/X05010
99,D,74,DHDH,12,2025-10-24,2026-07-27,276,156,10,8,4,P05023/X05009/X05010
99,D,75,DHDH,12,2025-10-24,2026-07-27,276,156,10,8,4,P05023/X05009/X05010
99,D,76,DHDH,12,2025-10-24,2026-07-27,276,156,10,8,4,P05023/X05009/X05010
101,D,122,NASV,12,2025-10-24,2026-07-27,276,156,10,8,4,P05023/X05009/X05010
101,D,123,NASV,12,2025-10-24,2026-07-27,276,156,10,8,4,P05023/X05009/X05010
101,D,124,NASV,12,2025-10-24,2026-07-27,276,156,10,8,4,P05023/X05009/X05010
101,D,125,NASV,12,2025-10-24,2026-07-27,276,156,10,8,4,P05023/X05009/X05010
101,D,126,NASV,12,2025-10-24,2026-07-27,276,156,10,8,4,P05023/X05009/X05010
102,A,39,NASV,12,2025-10-24,2026-07-27,276,156,10,8,4,P05023/X05009/X05010
102,A,40,NASV,12,2025-10-24,2026-07-27,276,156,10,8,4,P05023/X05009/X05010
102,A,41,NASV,12,2025-10-24,2026-07-27,276,156,10,8,4,P05023/X05009/X05010
102,A,42,NASV,12,2025-10-24,2026-07-27,276,156,10,8,4,P05023/X05009/X05010
102,A,43,NASV,12,2025-10-24,2026-07-27,276,156,10,8,4,P05023/X05009/X05010
102,A,44,NASV,12,2025-10-24,2026-07-27,276,156,10,8,4,P05023/X05009/X05010
105,A,20,DHDH,12,2025-10-24,2026-07-27,276,156,10,8,4,P05023/X05009/X05010
105,A,21,DHDH,12,2025-10-24,2026-07-27,276,156,10,8,4,P05023/X05009/X05010
105,A,22,DHDH,12,2025-10-24,2026-07-27,276,156,10,8,4,P05023/X05009/X05010
105,A,23,DHDH,12,2025-10-24,2026-07-27,276,156,10,8,4,P05023/X05009/X05010
105,A,24,DHDH,12,2025-10-24,2026-07-27,276,156,10,8,4,P05023/X05009/X05010
105,A,25,DHDH,12,2025-10-24,2026-07-27,276,156,10,8,4,P05023/X05009/X05010
105,A,26,DHDH,12,2025-10-24,2026-07-27,276,156,10,8,4,P05023/X05009/X05010
105,A,27,DHDH,12,2025-10-24,2026-07-27,276,156,10,8,4,P05023/X05009/X05010
105,A,28,DHDH,12,2025-10-24,2026-07-27,276,156,10,8,4,P05023/X05009/X05010
105,A,29,DHDH,12,2025-10-24,2026-07-27,276,156,10,8,4,P05023/X05009/X05010
108,D,68,DHDH,12,2025-10-24,2026-07-27,276,156,10,8,4,P05023/X05009/X05010
108,D,69,DHDH,12,2025-10-24,2026-07-27,276,156,10,8,4,P05023/X05009/X05010
108,D,70,DHDH,12,2025-10-24,2026-07-27,276,156,10,8,4,P05023/X05009/X05010
109,A,140,NASV,12,2025-10-24,2026-07-27,276,156,10,8,4,P05023/X05009/X05010
109,A,141,NASV,12,2025-10-24,2026-07-27,276,156,10,8,4,P05023/X05009/X05010
109,A,142,NASV,12,2025-10-24,2026-07-27,276,156,10,8,4,P05023/X05009/X05010
109,A,143,NASV,12,2025-10-24,2026-07-27,276,156,10,8,4,P05023/X05009/X05010
109,A,144,NASV,12,2025-10-24,2026-07-27,276,156,10,8,4,P05023/X05009/X05010
109,A,145,NASV,12,2025-10-24,2026-07-27,276,156,10,8,4,P05023/X05009/X05010
17,A,140,NASV,11,2025-10-18,2026-07-21,276,168,9,8,3,P05023/X05009/X05010
17,A,141,NASV,11,2025-10-18,2026-07-21,276,168,9,8,3,P05023/X05009/X05010
17,A,142,NASV,11,2025-10-18,2026-07-21,276,168,9,8,3,P05023/X05009/X05010
17,A,143,NASV,11,2025-10-18,2026-07-21,276,168,9,8,3,P05023/X05009/X05010
17,A,144,NASV,11,2025-10-18,2026-07-21,276,168,9,8,3,P05023/X05009/X05010
17,A,145,NASV,11,2025-10-18,2026-07-21,276,168,9,8,3,P05023/X05009/X05010
40,A,38,NASV,11,2025-10-31,2026-07-22,264,156,9,7,4,P05023/X05009/X05010
40,A,43,NASV,11,2025-10-31,2026-07-22,264,156,9,7,4,P05023/X05009/X05010
40,A,44,NASV,11,2025-10-31,2026-07-22,264,156,9,7,4,P05023/X05009/X05010
40,D,68,NADV,11,2025-10-31,2026-07-22,264,156,9,7,4,P05023/X05009/X05010
40,D,69,NADV,11,2025-10-31,2026-07-22,264,156,9,7,4,P05023/X05009/X05010
40,D,70,NADV,11,2025-10-31,2026-07-22,264,156,9,7,4,P05023/X05009/X05010
40,D,71,NADV,11,2025-10-31,2026-07-22,264,156,9,7,4,P05023/X05009/X05010
40,D,72,NADV,11,2025-10-31,2026-07-22,264,156,9,7,4,P05023/X05010
40,D,75,NADV,11,2025-10-31,2026-07-22,264,156,9,7,4,P05023/X05009/X05010
41,D,68,DHDH,11,2025-11-01,2026-07-23,264,156,9,7,4,P05023/X05009/X05010
41,D,73,DHDH,11,2025-11-01,2026-07-23,264,156,9,7,4,P05023/X05009/X05010
41,D,74,DHDH,11,2025-11-01,2026-07-23,264,156,9,7,4,P05023/X05009/X05010
41,D,75,DHDH,11,2025-11-01,2026-07-23,264,156,9,7,4,P05023/X05009/X05010
41,D,76,DHDH,11,2025-11-01,2026-07-23,264,156,9,7,4,P05023/X05009/X05010
41,D,77,DHDH,11,2025-11-01,2026-07-23,264,156,9,7,4,P05023/X05009/X05010
41,D,78,DHDH,11,2025-11-01,2026-07-23,264,156,9,7,4,P05023/X05009/X05010
41,D,79,DHDH,11,2025-11-01,2026-07-23,264,156,9,7,4,P05023/X05009/X05010
42,D,61,DHDH,11,2025-11-01,2026-07-23,264,156,9,7,4,P05023/X05009/X05010
42,D,62,DHDH,11,2025-11-01,2026-07-23,264,156,9,7,4,P05023/X05009/X05010
42,D,63,DHDH,11,2025-11-01,2026-07-23,264,156,9,7,4,P05023/X05009/X05010
42,D,64,DHDH,11,2025-11-01,2026-07-23,264,156,9,7,4,P05023/X05009/X05010
42,D,65,DHDH,11,2025-11-01,2026-07-23,264,156,9,7,4,P05023/X05009/X05010
42,D,66,DHDH,11,2025-11-01,2026-07-23,264,156,9,7,4,P05023/X05009/X05010
42,D,67,DHDH,11,2025-11-01,2026-07-23,264,156,9,7,4,P05023/X05009/X05010
42,D,68,DHDH,11,2025-11-01,2026-07-23,264,156,9,7,4,P05023/X05009/X05010
42,D,69,DHDH,11,2025-11-01,2026-07-23,264,156,9,7,4,P05023/X05009/X05010
42,D,70,DHDH,11,2025-11-01,2026-07-23,264,156,9,7,4,P05023/X05009/X05010
42,D,72,NADV,11,2025-11-01,2026-07-23,264,156,9,7,4,P05023/X05009/X05010
44,D,53,DHDH,11,2025-11-01,2026-07-23,264,156,9,7,4,P05023/X05009/X05010
44,D,54,DHDH,11,2025-11-01,2026-07-23,264,156,9,7,4,P05023/X05009/X05010
44,D,55,DHDH,11,2025-11-01,2026-07-23,264,156,9,7,4,P05023/X05009/X05010
44,D,56,DHDH,11,2025-11-01,2026-07-23,264,156,9,7,4,P05023/X05009/X05010
44,D,57,DHDH,11,2025-11-01,2026-07-23,264,156,9,7,4,P05023/X05009/X05010
44,D,58,DHDH,11,2025-11-01,2026-07-23,264,156,9,7,4,P05023/X05009/X05010
44,D,59,DHDH,11,2025-11-01,2026-07-23,264,156,9,7,4,P05023/X05009/X05010
44,D,60,DHDH,11,2025-11-01,2026-07-23,264,156,9,7,4,P05023/X05009/X05010
61,D,77,DHDH,11,2025-11-02,2026-07-24,264,156,9,7,8,P05023/X05009/X05010
64,D,80,DHDH,11,2025-11-02,2026-07-24,264,156,9,7,4,P05023/X05009/X05010
77,A,137,SHSH,11,2025-11-03,2026-07-25,264,156,9,7,4,P05023/X05009/X05010
77,A,138,SHSH,11,2025-11-03,2026-07-25,264,156,9,7,4,P05023/X05009/X05010
77,A,139,SHSH,11,2025-11-03,2026-07-25,264,156,9,7,4,P05023/X05009/X05010
79,D,68,DHDH,11,2025-11-03,2026-07-25,264,156,9,7,4,P05023/X05009/X05010
79,D,69,DHDH,11,2025-11-03,2026-07-25,264,156,9,7,4,P05023/X05009/X05010
79,D,70,DHDH,11,2025-11-03,2026-07-25,264,156,9,7,4,P05023/X05009/X05010
79,D,71,DHDH,11,2025-11-03,2026-07-25,264,156,9,7,4,P05023/X05010
86,A,136,SHSH,11,2025-11-04,2026-07-26,264,156,9,7,4,P05023/X05009/X05010
86,A,137,SHSH,11,2025-11-04,2026-07-26,264,156,9,7,4,P05023/X05009/X05010
86,A,138,SHSH,11,2025-11-04,2026-07-26,264,156,9,7,4,P05023/X05009/X05010
86,A,139,SHSH,11,2025-11-04,2026-07-26,264,156,9,7,4,P05023/X05009/X05010
86,A,140,SHSH,11,2025-11-04,2026-07-26,264,156,9,7,4,P05023/X05009/X05010
86,A,141,SHSH,11,2025-11-04,2026-07-26,264,156,9,7,4,P05023/X05009/X05010
104,A,21,NADV,11,2025-11-05,2026-07-27,264,156,9,7,4,P05023/X05009/X05010
111,A,44,NASV,11,2025-10-24,2026-07-15,264,156,9,8,3,P05023/X05009/X05010
111,A,45,NASV,11,2025-10-24,2026-07-15,264,156,9,8,3,P05023/X05009/X05010
111,D,46,NASV,11,2025-10-24,2026-07-15,264,156,9,8,3,P05023/X05009/X05010
111,D,47,NASV,11,2025-10-24,2026-07-15,264,156,9,8,3,P05023/X05009/X05010
113,D,69,DHDH,11,2025-10-25,2026-07-16,264,156,9,8,3,P05023/X05009/X05010
113,D,70,DHDH,11,2025-10-25,2026-07-16,264,156,9,8,3,P05023/X05009/X05010
113,D,71,DHDH,11,2025-10-25,2026-07-16,264,156,9,8,3,P05023/X05009/X05010
113,D,72,DHDH,11,2025-10-25,2026-07-16,264,156,9,8,3,P05023/X05009/X05010
113,D,73,DHDH,11,2025-10-25,2026-07-16,264,156,9,8,3,P05023/X05009/X05010
113,D,74,DHDH,11,2025-10-25,2026-07-16,264,156,9,8,3,P05023/X05009/X05010
113,D,75,DHDH,11,2025-10-25,2026-07-16,264,156,9,8,3,P05023/X05009/X05010
113,D,76,DHDH,11,2025-10-25,2026-07-16,264,156,9,8,3,P05023/X05009/X05010
113,D,77,DHDH,11,2025-10-25,2026-07-16,264,156,9,8,3,P05023/X05009/X05010
113,D,78,DHDH,11,2025-10-25,2026-07-16,264,156,9,8,3,P05023/X05009/X05010
113,D,79,DHDH,11,2025-10-25,2026-07-16,264,156,9,8,3,P05023/X05009/X05010
114,A,20,DHDH,11,2025-10-25,2026-07-16,264,156,9,8,3,P05023/X05009/X05010
114,A,21,DHDH,11,2025-10-25,2026-07-16,264,156,9,8,3,P05023/X05009/X05010
114,A,22,DHDH,11,2025-10-25,2026-07-16,264,156,9,8,3,P05023/X05009/X05010
141,A,42,NASV,11,2025-10-26,2026-07-17,264,156,9,8,3,P05023/X05009/X05010
141,A,43,NASV,11,2025-10-26,2026-07-17,264,156,9,8,3,P05023/X05009/X05010
141,A,44,NASV,11,2025-10-26,2026-07-17,264,156,9,8,3,P05023/X05009/X05010
141,D,69,NADV,11,2025-10-26,2026-07-17,264,156,9,8,3,P05023/X05009/X05010
141,D,70,NADV,11,2025-10-26,2026-07-17,264,156,9,8,3,P05023/X05009/X05010
141,D,71,NADV,11,2025-10-26,2026-07-17,264,156,9,8,3,P05023/X05009/X05010
141,D,72,NADV,11,2025-10-26,2026-07-17,264,156,9,8,3,P05023/X05009/X05010
141,D,73,NADV,11,2025-10-26,2026-07-17,264,156,9,8,3,P05023/X05009/X05010
141,D,74,NADV,11,2025-10-26,2026-07-17,264,156,9,8,3,P05023/X05009/X05010
142,D,73,DHDH,11,2025-10-27,2026-07-18,264,156,9,8,3,P05023/X05009/X05010
142,D,74,DHDH,11,2025-10-27,2026-07-18,264,156,9,8,3,P05023/X05009/X05010
142,D,75,DHDH,11,2025-10-27,2026-07-18,264,156,9,8,3,P05023/X05009/X05010
142,D,76,DHDH,11,2025-10-27,2026-07-18,264,156,9,8,3,P05023/X05009/X05010
142,D,77,DHDH,11,2025-10-27,2026-07-18,264,156,9,8,3,P05023/X05009/X05010
142,D,78,DHDH,11,2025-10-27,2026-07-18,264,156,9,8,3,P05023/X05009/X05010
142,D,79,DHDH,11,2025-10-27,2026-07-18,264,156,9,8,3,P05023/X05009/X05010
143,A,10,DHDH,11,2025-10-27,2026-07-18,264,156,9,8,3,P05023/X05009/X05010
143,A,11,DHDH,11,2025-10-27,2026-07-18,264,156,9,8,3,P05023/X05009/X05010
143,A,12,DHDH,11,2025-10-27,2026-07-18,264,156,9,8,3,P05023/X05009/X05010
143,A,13,DHDH,11,2025-10-27,2026-07-18,264,156,9,8,3,P05023/X05009/X05010
143,A,14,DHDH,11,2025-10-27,2026-07-18,264,156,9,8,3,P05023/X05009/X05010
143,A,15,DHDH,11,2025-10-27,2026-07-18,264,156,9,8,3,P05023/X05009/X05010
143,A,16,DHDH,11,2025-10-27,2026-07-18,264,156,9,8,3,P05023/X05009/X05010
143,A,17,DHDH,11,2025-10-27,2026-07-18,264,156,9,8,3,P05023/X05009/X05010
143,A,18,DHDH,11,2025-10-27,2026-07-18,264,156,9,8,3,P05023/X05009/X05010
143,A,19,DHDH,11,2025-10-27,2026-07-18,264,156,9,8,3,P05023/X05009/X05010
143,A,20,DHDH,11,2025-10-27,2026-07-18,264,156,9,8,3,P05023/X05009/X05010
143,A,21,DHDH,11,2025-10-27,2026-07-18,264,156,9,8,3,P05023/X05009/X05010
143,A,22,DHDH,11,2025-10-27,2026-07-18,264,156,9,8,3,P05023/X05009/X05010
143,D,55,DHDH,11,2025-10-27,2026-07-18,264,156,9,8,3,P05023/X05009/X05010
143,D,56,DHDH,11,2025-10-27,2026-07-18,264,156,9,8,3,P05023/X05009/X05010
143,D,57,DHDH,11,2025-10-27,2026-07-18,264,156,9,8,3,P05023/X05009/X05010
143,D,58,DHDH,11,2025-10-27,2026-07-18,264,156,9,8,3,P05023/X05009/X05010
143,D,59,DHDH,11,2025-10-27,2026-07-18,264,156,9,8,3,P05023/X05009/X05010
143,D,60,DHDH,11,2025-10-27,2026-07-18,264,156,9,8,3,P05023/X05009/X05010
143,D,61,DHDH,11,2025-10-27,2026-07-18,264,156,9,8,3,P05023/X05009/X05010
143,D,62,DHDH,11,2025-10-27,2026-07-18,264,156,9,8,3,P05023/X05009/X05010
143,D,63,DHDH,11,2025-10-27,2026-07-18,264,156,9,8,3,P05023/X05009/X05010
143,D,64,DHDH,11,2025-10-27,2026-07-18,264,156,9,8,3,P05023/X05009/X05010
143,D,65,DHDH,11,2025-10-27,2026-07-18,264,156,9,8,3,P05023/X05009/X05010
143,D,66,DHDH,11,2025-10-27,2026-07-18,264,156,9,8,3,P05023/X05009/X05010
143,D,67,DHDH,11,2025-10-27,2026-07-18,264,156,9,8,3,P05023/X05009/X05010
143,D,68,DHDH,11,2025-10-27,2026-07-18,264,156,9,8,3,P05023/X05009/X05010
143,D,69,DHDH,11,2025-10-27,2026-07-18,264,156,9,8,3,P05023/X05009/X05010
143,D,71,NADV,11,2025-10-27,2026-07-18,264,156,9,8,3,P05023/X05009/X05010
143,D,72,NADV,11,2025-10-27,2026-07-18,264,156,9,8,3,P05023/X05009/X05010
144,D,122,NASV,11,2025-10-27,2026-07-18,264,156,9,8,3,P05023/X05009/X05010
144,D,123,NASV,11,2025-10-27,2026-07-18,264,156,9,8,3,P05023/X05009/X05010
144,D,124,NASV,11,2025-10-27,2026-07-18,264,156,9,8,3,P05023/X05009/X05010
144,D,125,NASV,11,2025-10-27,2026-07-18,264,156,9,8,3,P05023/X05009/X05010
144,D,126,NASV,11,2025-10-27,2026-07-18,264,156,9,8,3,P05023/X05009/X05010
145,D,127,SHSH,11,2025-10-27,2026-07-18,264,156,9,8,3,P05023/X05010
145,D,128,SHSH,11,2025-10-27,2026-07-18,264,156,9,8,3,P05023/X05010
145,D,129,SHSH,11,2025-10-27,2026-07-18,264,156,9,8,3,P05023/X05010
145,D,130,SHSH,11,2025-10-27,2026-07-18,264,156,9,8,3,P05023/X05010
145,D,131,SHSH,11,2025-10-27,2026-07-18,264,156,9,8,3,P05023/X05010
147,A,141,NASV,11,2025-10-27,2026-07-18,264,156,9,8,3,P05023/X05009/X05010
147,A,142,NASV,11,2025-10-27,2026-07-18,264,156,9,8,3,P05023/X05009/X05010
147,A,143,NASV,11,2025-10-27,2026-07-18,264,156,9,8,3,P05023/X05009/X05010
148,A,19,DHDH,11,2025-10-27,2026-07-18,264,156,9,8,3,P05023/X05009/X05010
148,A,20,DHDH,11,2025-10-27,2026-07-18,264,156,9,8,3,P05023/X05009/X05010
149,A,140,SHSH,11,2025-10-27,2026-07-18,264,156,9,8,3,P05023/X05009/X05010
156,D,68,QPDH,11,2025-10-28,2026-07-19,264,156,9,8,3,P05023/X05009/X05010
156,D,69,QPDH,11,2025-10-28,2026-07-19,264,156,9,8,3,P05023/X05009/X05010
156,D,71,DHDH,11,2025-10-28,2026-07-19,264,156,9,8,3,P05023/X05009/X05010
156,D,72,DHDH,11,2025-10-28,2026-07-19,264,156,9,8,3,P05023/X05009/X05010
156,D,76,NADV,11,2025-10-28,2026-07-19,264,156,9,8,3,P05023/X05009/X05010
156,D,77,NADV,11,2025-10-28,2026-07-19,264,156,9,8,3,P05023/X05009/X05010
157,A,15,DHDH,11,2025-10-28,2026-07-19,264,156,9,8,3,P05023/X05009/X05010
157,A,16,DHDH,11,2025-10-28,2026-07-19,264,156,9,8,3,P05023/X05009/X05010
157,A,17,DHDH,11,2025-10-28,2026-07-19,264,156,9,8,3,P05023/X05009/X05010
157,A,18,DHDH,11,2025-10-28,2026-07-19,264,156,9,8,3,P05023/X05009/X05010
157,A,19,DHDH,11,2025-10-28,2026-07-19,264,156,9,8,3,P05023/X05009/X05010
157,A,20,DHDH,11,2025-10-28,2026-07-19,264,156,9,8,3,P05023/X05009/X05010
157,A,22,DHDH,11,2025-10-28,2026-07-19,264,156,9,8,3,P05023/X05009/X05010
157,A,23,DHDH,11,2025-10-28,2026-07-19,264,156,9,8,3,P05023/X05009/X05010
158,A,20,DHDH,11,2025-10-28,2026-07-19,264,156,9,8,3,P05023/X05009/X05010
158,A,21,DHDH,11,2025-10-28,2026-07-19,264,156,9,8,3,P05023/X05009/X05010
158,A,22,DHDH,11,2025-10-28,2026-07-19,264,156,9,8,3,P05023/X05009/X05010
158,A,23,DHDH,11,2025-10-28,2026-07-19,264,156,9,8,3,P05023/X05009/X05010
158,A,24,DHDH,11,2025-10-28,2026-07-19,264,156,9,8,3,P05023/X05009/X05010
158,A,25,DHDH,11,2025-10-28,2026-07-19,264,156,9,8,3,P05023/X05009/X05010
158,A,26,DHDH,11,2025-10-28,2026-07-19,264,156,9,8,3,P05023/X05009/X05010
158,A,27,DHDH,11,2025-10-28,2026-07-19,264,156,9,8,3,P05023/X05009/X05010
158,A,28,DHDH,11,2025-10-28,2026-07-19,264,156,9,8,3,P05023/X05009/X05010
158,A,29,DHDH,11,2025-10-28,2026-07-19,264,156,9,8,3,P05023/X05009/X05010
158,A,30,DHDH,11,2025-10-28,2026-07-19,264,156,9,8,3,P05023/X05009/X05010
158,A,31,DHDH,11,2025-10-28,2026-07-19,264,156,9,8,3,P05023/X05009/X05010
158,A,32,DHDH,11,2025-10-28,2026-07-19,264,156,9,8,3,P05023/X05009/X05010
158,A,33,DHDH,11,2025-10-28,2026-07-19,264,156,9,8,3,P05023/X05009/X05010
159,A,22,DHDH,11,2025-10-28,2026-07-19,264,156,9,8,3,P05023/X05009/X05010
159,A,23,DHDH,11,2025-10-28,2026-07-19,264,156,9,8,3,P05023/X05009/X05010
159,D,52,DHDH,11,2025-10-28,2026-07-19,264,156,9,8,3,P05023/X05009/X05010
159,D,53,DHDH,11,2025-10-28,2026-07-19,264,156,9,8,3,P05023/X05009/X05010
159,D,54,DHDH,11,2025-10-28,2026-07-19,264,156,9,8,3,P05023/X05009/X05010
159,D,55,DHDH,11,2025-10-28,2026-07-19,264,156,9,8,3,P05023/X05009/X05010
159,D,56,DHDH,11,2025-10-28,2026-07-19,264,156,9,8,3,P05023/X05009/X05010
159,D,57,DHDH,11,2025-10-28,2026-07-19,264,156,9,8,3,P05023/X05009/X05010
159,D,58,DHDH,11,2025-10-28,2026-07-19,264,156,9,8,3,P05023/X05009/X05010
159,D,59,DHDH,11,2025-10-28,2026-07-19,264,156,9,8,3,P05023/X05009/X05010
159,D,60,DHDH,11,2025-10-28,2026-07-19,264,156,9,8,3,P05023/X05009/X05010
161,A,139,NASV,11,2025-10-28,2026-07-19,264,156,9,8,3,P05023/X05009/X05010
161,A,140,NASV,11,2025-10-28,2026-07-19,264,156,9,8,3,P05023/X05009/X05010
161,A,141,NASV,11,2025-10-28,2026-07-19,264,156,9,8,3,P05023/X05009/X05010
161,A,142,NASV,11,2025-10-28,2026-07-19,264,156,9,8,3,P05023/X05009/X05010
161,A,143,NASV,11,2025-10-28,2026-07-19,264,156,9,8,3,P05023/X05009/X05010
161,A,144,NASV,11,2025-10-28,2026-07-19,264,156,9,8,3,P05023/X05009/X05010
161,A,145,NASV,11,2025-10-28,2026-07-19,264,156,9,8,3,P05023/X05009/X05010
161,A,146,NASV,11,2025-10-28,2026-07-19,264,156,9,8,3,P05023/X05009/X05010
161,A,147,NASV,11,2025-10-28,2026-07-19,264,156,9,8,3,P05023/X05009/X05010
162,A,15,NADV,11,2025-10-28,2026-07-19,264,156,9,8,3,P05023/X05009/X05010
162,A,16,NADV,11,2025-10-28,2026-07-19,264,156,9,8,3,P05023/X05009/X05010
162,A,17,NADV,11,2025-10-28,2026-07-19,264,156,9,8,3,P05023/X05009/X05010
162,A,18,NADV,11,2025-10-28,2026-07-19,264,156,9,8,3,P05023/X05009/X05010
55,D,53,NASV,11,2025-10-21,2026-07-24,276,156,8,7,4,P05023/X05009/X05010
63,A,14,NADV,11,2025-10-21,2026-07-24,276,156,8,7,4,P05023/X05009/X05010
63,A,15,NADV,11,2025-10-21,2026-07-24,276,156,8,7,4,P05023/X05009/X05010
63,A,16,NADV,11,2025-10-21,2026-07-24,276,156,8,7,4,P05023/X05009/X05010
63,A,17,NADV,11,2025-10-21,2026-07-24,276,156,8,7,4,P05023/X05009/X05010
63,A,18,NADV,11,2025-10-21,2026-07-24,276,156,8,7,4,P05023/X05009/X05010
63,A,19,NADV,11,2025-10-21,2026-07-24,276,156,8,7,4,P05023/X05009/X05010
63,A,20,NADV,11,2025-10-21,2026-07-24,276,156,8,7,4,P05023/X05009/X05010
63,A,21,DHDH,11,2025-10-21,2026-07-24,276,156,8,7,4,P05023/X05009/X05010
63,A,23,NADV,11,2025-10-21,2026-07-24,276,156,8,7,4,P05023/X05009/X05010
63,A,24,NADV,11,2025-10-21,2026-07-24,276,156,8,7,4,P05023/X05009/X05010
63,A,25,NADV,11,2025-10-21,2026-07-24,276,156,8,7,4,P05023/X05009/X05010
63,A,26,NADV,11,2025-10-21,2026-07-24,276,156,8,7,4,P05023/X05009/X05010
69,A,43,NASV,11,2025-10-21,2026-07-24,276,156,8,7,4,P05023/X05009/X05010
69,A,44,NASV,11,2025-10-21,2026-07-24,276,156,8,7,4,P05023/X05009/X05010
69,D,61,DHDH,11,2025-10-21,2026-07-24,276,156,8,7,4,P05023/X05009/X05010
69,D,62,DHDH,11,2025-10-21,2026-07-24,276,156,8,7,4,P05023/X05009/X05010
69,D,63,DHDH,11,2025-10-21,2026-07-24,276,156,8,7,4,P05023/X05009/X05010
75,A,170,DHDH,11,2025-10-22,2026-07-25,276,156,8,7,4,P05023/X05009/X05010
75,A,171,DHDH,11,2025-10-22,2026-07-25,276,156,8,7,4,P05023/X05009/X05010
76,A,17,DHDH,11,2025-10-22,2026-07-25,276,156,8,7,4,P05023/X05009/X05010
76,A,18,DHDH,11,2025-10-22,2026-07-25,276,156,8,7,4,P05023/X05009/X05010
76,A,19,DHDH,11,2025-10-22,2026-07-25,276,156,8,7,4,P05023/X05009/X05010
76,A,20,DHDH,11,2025-10-22,2026-07-25,276,156,8,7,4,P05023/X05009/X05010
76,A,21,QPDH,11,2025-10-22,2026-07-25,276,156,8,7,4,P05023/X05009/X05010
76,A,22,QPDH,11,2025-10-22,2026-07-25,276,156,8,7,4,P05023/X05009/X05010
76,A,23,QPDH,11,2025-10-22,2026-07-25,276,156,8,7,4,P05023/X05009/X05010
76,A,24,QPDH,11,2025-10-22,2026-07-25,276,156,8,7,4,P05023/X05009/X05010
83,A,43,NASV,11,2025-10-22,2026-07-25,276,156,8,7,4,P05023/X05009/X05010
83,A,44,NASV,11,2025-10-22,2026-07-25,276,156,8,7,4,P05023/X05009/X05010
83,A,45,NASV,11,2025-10-22,2026-07-25,276,156,8,7,4,P05023/X05009/X05010
97,D,46,NASV,11,2025-10-23,2026-07-26,276,156,8,8,3,P05023/X05009/X05010
98,D,67,DHDH,11,2025-10-24,2026-07-27,276,156,8,7,4,P05023/X05009/X05010
98,D,68,DHDH,11,2025-10-24,2026-07-27,276,156,8,7,4,P05023/X05009/X05010
98,D,69,DHDH,11,2025-10-24,2026-07-27,276,156,8,7,4,P05023/X05009/X05010
98,D,70,DHDH,11,2025-10-24,2026-07-27,276,156,8,7,4,P05023/X05009/X05010
98,D,71,DHDH,11,2025-10-24,2026-07-27,276,156,8,7,4,P05023/X05009/X05010
98,D,72,DHDH,11,2025-10-24,2026-07-27,276,156,8,7,4,P05023/X05009/X05010
98,D,75,DHDH,11,2025-10-24,2026-07-27,276,156,8,7,4,P05023/X05009/X05010
100,A,20,DHDH,11,2025-10-24,2026-07-27,276,156,8,7,4,P05023/X05009/X05010
100,A,21,DHDH,11,2025-10-24,2026-07-27,276,156,8,7,4,P05023/X05009/X05010
100,A,22,DHDH,11,2025-10-24,2026-07-27,276,156,8,7,4,P05023/X05009/X05010
101,D,53,DHDH,11,2025-10-24,2026-07-27,276,156,8,7,4,P05023/X05009/X05010
101,D,54,DHDH,11,2025-10-24,2026-07-27,276,156,8,7,4,P05023/X05009/X05010
101,D,55,DHDH,11,2025-10-24,2026-07-27,276,156,8,7,4,P05023/X05009/X05010
101,D,56,DHDH,11,2025-10-24,2026-07-27,276,156,8,7,4,P05023/X05009/X05010
101,D,57,DHDH,11,2025-10-24,2026-07-27,276,156,8,7,4,P05023/X05009/X05010
101,D,58,DHDH,11,2025-10-24,2026-07-27,276,156,8,7,4,P05023/X05009/X05010
110,D,120,NASV,11,2025-10-24,2026-07-27,276,156,8,7,4,P05023/X05009/X05010
110,D,121,NASV,11,2025-10-24,2026-07-27,276,156,8,7,4,P05023/X05009/X05010
110,D,122,NASV,11,2025-10-24,2026-07-27,276,156,8,7,4,P05023/X05009/X05010
110,D,123,NASV,11,2025-10-24,2026-07-27,276,156,8,7,4,P05023/X05009/X05010
110,D,124,NASV,11,2025-10-24,2026-07-27,276,156,8,7,4,P05023/X05009/X05010
110,D,125,NASV,11,2025-10-24,2026-07-27,276,156,8,7,4,P05023/X05009/X05010
110,D,126,NASV,11,2025-10-24,2026-07-27,276,156,8,7,4,P05023/X05009/X05010
18,A,14,DHDH,10,2025-10-30,2026-07-21,264,168,8,7,3,P05023/X05009
18,A,16,NADV,10,2025-10-30,2026-07-21,264,168,8,7,3,P05023/X05009/X05010
18,A,17,NADV,10,2025-10-30,2026-07-21,264,168,8,7,3,P05023/X05009/X05010
18,A,19,DHDH,10,2025-10-30,2026-07-21,264,168,8,7,3,P05023/X05009
18,A,20,DHDH,10,2025-10-30,2026-07-21,264,168,8,7,3,P05023/X05009
18,A,21,DHDH,10,2025-10-30,2026-07-21,264,168,8,7,3,P05023/X05009
18,A,22,DHDH,10,2025-10-30,2026-07-21,264,168,8,7,3,P05023/X05009
22,A,156,DHDH,10,2025-10-30,2026-07-21,264,168,8,7,3,P05023/X05009
22,A,157,DHDH,10,2025-10-30,2026-07-21,264,168,8,7,3,P05023/X05009
22,A,160,DHDH,10,2025-10-30,2026-07-21,264,168,8,7,3,P05023/X05009/X05010
28,D,61,DHDH,10,2025-10-31,2026-07-22,264,168,8,7,3,P05023/X05009/X05010
28,D,62,DHDH,10,2025-10-31,2026-07-22,264,168,8,7,3,P05023/X05009/X05010
28,D,63,DHDH,10,2025-10-31,2026-07-22,264,168,8,7,3,P05023/X05009/X05010
28,D,65,NADV,10,2025-10-31,2026-07-22,264,168,8,7,3,P05023/X05009/X05010
28,D,66,NADV,10,2025-10-31,2026-07-22,264,168,8,7,3,P05023/X05009/X05010
28,D,67,NADV,10,2025-10-31,2026-07-22,264,168,8,7,3,P05023/X05009/X05010
28,D,68,NADV,10,2025-10-31,2026-07-22,264,168,8,7,3,P05023/X05009/X05010
37,A,139,NASV,10,2025-10-31,2026-07-22,264,168,8,7,3,P05023/X05010
37,A,140,NASV,10,2025-10-31,2026-07-22,264,168,8,7,3,P05023/X05009/X05010
37,A,141,NASV,10,2025-10-31,2026-07-22,264,168,8,7,3,P05023/X05009/X05010
38,D,120,NASV,10,2025-10-31,2026-07-22,264,168,8,7,3,P05023/X05009/X05010
38,D,121,NASV,10,2025-10-31,2026-07-22,264,168,8,7,3,P05023/X05009/X05010
38,D,122,NASV,10,2025-10-31,2026-07-22,264,168,8,7,3,P05023/X05009/X05010
38,D,123,NASV,10,2025-10-31,2026-07-22,264,168,8,7,3,P05023/X05009/X05010
38,D,124,NASV,10,2025-10-31,2026-07-22,264,168,8,7,3,P05023/X05009/X05010
38,D,125,NASV,10,2025-10-31,2026-07-22,264,168,8,7,3,P05023/X05009/X05010
42,A,24,DHDH,10,2025-11-01,2026-07-23,264,168,8,7,3,P05023/X05010
42,A,25,DHDH,10,2025-11-01,2026-07-23,264,168,8,7,3,P05023/X05009/X05010
42,A,26,DHDH,10,2025-11-01,2026-07-23,264,168,8,7,3,P05023/X05009/X05010
42,A,27,DHDH,10,2025-11-01,2026-07-23,264,168,8,7,3,P05023/X05009/X05010
42,A,28,DHDH,10,2025-11-01,2026-07-23,264,168,8,7,3,P05023/X05009/X05010
42,A,29,DHDH,10,2025-11-01,2026-07-23,264,168,8,7,3,P05023/X05009/X05010
42,A,30,DHDH,10,2025-11-01,2026-07-23,264,168,8,7,3,P05023/X05009/X05010
42,A,31,DHDH,10,2025-11-01,2026-07-23,264,168,8,7,3,P05023/X05009/X05010
42,A,32,DHDH,10,2025-11-01,2026-07-23,264,168,8,7,3,P05023/X05009/X05010
42,A,33,DHDH,10,2025-11-01,2026-07-23,264,168,8,7,3,P05023/X05009/X05010
42,A,34,DHDH,10,2025-11-01,2026-07-23,264,168,8,7,3,P05023/X05009/X05010
42,A,35,DHDH,10,2025-11-01,2026-07-23,264,168,8,7,3,P05023/X05009/X05010
42,A,36,DHDH,10,2025-11-01,2026-07-23,264,168,8,7,3,P05023/X05009/X05010
53,A,19,DHDH,10,2025-11-13,2026-07-23,252,156,8,6,4,P05023/X05009/X05010
53,A,20,DHDH,10,2025-11-13,2026-07-23,252,156,8,6,4,P05023/X05009/X05010
53,D,48,NASV,10,2025-10-20,2026-06-29,252,156,8,8,2,P05023/X05009/X05010
60,A,42,NASV,10,2025-11-14,2026-07-24,252,156,8,6,4,P05023/X05009/X05010
62,D,46,NASV,10,2025-11-14,2026-07-24,252,156,8,6,4,P05023/X05009/X05010
62,D,47,NASV,10,2025-11-14,2026-07-24,252,156,8,6,4,P05023/X05009/X05010
63,A,27,NADV,10,2025-11-14,2026-07-24,252,156,8,6,4,P05023/X05009/X05010
63,A,29,DHDH,10,2025-11-14,2026-07-24,252,156,8,6,4,P05023/X05009/X05010
63,A,30,DHDH,10,2025-11-14,2026-07-24,252,156,8,6,4,P05023/X05009/X05010
63,A,31,DHDH,10,2025-11-14,2026-07-24,252,156,8,6,4,P05023/X05009/X05010
63,A,32,DHDH,10,2025-11-14,2026-07-24,252,156,8,6,4,P05023/X05009/X05010
63,A,33,DHDH,10,2025-11-14,2026-07-24,252,156,8,6,4,P05023/X05009/X05010
63,A,34,DHDH,10,2025-11-14,2026-07-24,252,156,8,6,4,P05023/X05009/X05010
63,A,35,DHDH,10,2025-11-14,2026-07-24,252,156,8,6,4,P05023/X05009/X05010
63,A,36,DHDH,10,2025-11-14,2026-07-24,252,156,8,6,4,P05023/X05009/X05010
63,A,37,DHDH,10,2025-11-14,2026-07-24,252,156,8,6,4,P05023/X05009/X05010
63,A,38,DHDH,10,2025-11-14,2026-07-24,252,156,8,6,4,P05023/X05009/X05010
63,A,43,NASV,10,2025-11-14,2026-07-24,252,156,8,6,4,P05023/X05009/X05010
63,A,44,NASV,10,2025-11-14,2026-07-24,252,156,8,6,4,P05023/X05009/X05010
63,A,45,NASV,10,2025-11-14,2026-07-24,252,156,8,6,4,P05023/X05009/X05010
63,D,46,NASV,10,2025-11-14,2026-07-24,252,156,8,6,4,P05023/X05009/X05010
63,D,47,NASV,10,2025-11-14,2026-07-24,252,156,8,6,4,P05023/X05009/X05010
63,D,48,NASV,10,2025-11-14,2026-07-24,252,156,8,6,4,P05023/X05009/X05010
63,D,49,NASV,10,2025-11-14,2026-07-24,252,156,8,6,4,P05023/X05009/X05010
67,D,118,NASV,10,2025-10-21,2026-07-24,276,180,8,6,4,P05023/X05009
70,D,60,DHDH,10,2025-11-15,2026-07-25,252,156,8,6,4,P05023/X05009/X05010
70,D,61,DHDH,10,2025-11-15,2026-07-25,252,156,8,6,4,P05023/X05009/X05010
70,D,62,DHDH,10,2025-11-15,2026-07-25,252,156,8,6,4,P05023/X05009/X05010
70,D,63,DHDH,10,2025-11-15,2026-07-25,252,156,8,6,4,P05023/X05009/X05010
70,D,64,DHDH,10,2025-11-15,2026-07-25,252,156,8,6,4,P05023/X05009/X05010
70,D,65,DHDH,10,2025-11-15,2026-07-25,252,156,8,6,4,P05023/X05009/X05010
70,D,66,DHDH,10,2025-11-15,2026-07-25,252,156,8,6,4,P05023/X05009/X05010
70,D,67,DHDH,10,2025-11-15,2026-07-25,252,156,8,6,4,P05023/X05009/X05010
70,D,68,DHDH,10,2025-11-15,2026-07-25,252,156,8,6,4,P05023/X05009/X05010
70,D,69,DHDH,10,2025-11-15,2026-07-25,252,156,8,6,4,P05023/X05009/X05010
70,D,70,DHDH,10,2025-11-15,2026-07-25,252,156,8,6,4,P05023/X05009/X05010
70,D,71,DHDH,10,2025-11-15,2026-07-25,252,156,8,6,4,P05023/X05009/X05010
70,D,72,DHDH,10,2025-11-15,2026-07-25,252,156,8,6,4,P05023/X05009/X05010
70,D,73,DHDH,10,2025-11-15,2026-07-25,252,156,8,6,4,P05023/X05009/X05010
70,D,74,DHDH,10,2025-11-15,2026-07-25,252,156,8,6,4,P05023/X05009/X05010
70,D,75,DHDH,10,2025-11-15,2026-07-25,252,156,8,6,4,P05023/X05009/X05010
70,D,76,DHDH,10,2025-11-15,2026-07-25,252,156,8,6,4,P05023/X05009/X05010
70,D,77,DHDH,10,2025-11-15,2026-07-25,252,156,8,6,4,P05023/X05009/X05010
70,D,78,DHDH,10,2025-11-15,2026-07-25,252,156,8,6,4,P05023/X05009/X05010
71,A,5,DHDH,10,2025-11-15,2026-07-25,252,156,8,6,4,P05023/X05009/X05010
71,A,6,DHDH,10,2025-11-15,2026-07-25,252,156,8,6,4,P05023/X05009/X05010
71,A,7,DHDH,10,2025-11-15,2026-07-25,252,156,8,6,4,P05023/X05009/X05010
71,A,8,DHDH,10,2025-11-15,2026-07-25,252,156,8,6,4,P05023/X05009/X05010
71,A,10,DHDH,10,2025-11-15,2026-07-25,252,156,8,6,4,P05023/X05009/X05010
71,A,11,DHDH,10,2025-11-15,2026-07-25,252,156,8,6,4,P05023/X05009/X05010
71,A,12,DHDH,10,2025-11-15,2026-07-25,252,156,8,6,4,P05023/X05009/X05010
71,A,14,DHDH,10,2025-11-15,2026-07-25,252,156,8,6,4,P05023/X05009/X05010
71,A,15,DHDH,10,2025-11-15,2026-07-25,252,156,8,6,4,P05023/X05009/X05010
71,A,16,DHDH,10,2025-11-15,2026-07-25,252,156,8,6,4,P05023/X05009/X05010
71,A,17,DHDH,10,2025-11-15,2026-07-25,252,156,8,6,4,P05023/X05009/X05010
71,A,18,DHDH,10,2025-11-15,2026-07-25,252,156,8,6,4,P05023/X05009/X05010
71,A,19,DHDH,10,2025-11-15,2026-07-25,252,156,8,6,4,P05023/X05009/X05010
71,A,20,DHDH,10,2025-11-15,2026-07-25,252,156,8,6,4,P05023/X05009/X05010
71,A,21,DHDH,10,2025-11-15,2026-07-25,252,156,8,6,4,P05023/X05009/X05010
71,A,22,DHDH,10,2025-11-15,2026-07-25,252,156,8,6,4,P05023/X05009/X05010
75,A,141,NASV,10,2025-10-22,2026-07-01,252,156,8,8,2,P05023/X05009/X05010
75,A,142,NASV,10,2025-10-22,2026-07-01,252,156,8,8,2,P05023/X05009/X05010
76,D,47,NASV,10,2025-11-15,2026-07-25,252,156,8,6,4,P05023/X05009/X05010
76,D,48,NASV,10,2025-11-15,2026-07-25,252,156,8,6,4,P05023/X05009/X05010
76,D,49,NASV,10,2025-11-15,2026-07-25,252,156,8,6,4,P05023/X05009/X05010
76,D,50,NASV,10,2025-11-15,2026-07-25,252,156,8,6,4,P05023/X05009/X05010
78,A,41,NASV,10,2025-11-15,2026-07-25,252,156,8,6,4,P05023/X05009/X05010
78,A,42,NASV,10,2025-11-15,2026-07-25,252,156,8,6,4,P05023/X05009/X05010
78,A,43,NASV,10,2025-11-15,2026-07-25,252,156,8,6,4,P05023/X05009/X05010
78,A,44,NASV,10,2025-11-15,2026-07-25,252,156,8,6,4,P05023/X05009/X05010
78,A,45,NASV,10,2025-11-15,2026-07-25,252,156,8,6,4,P05023/X05009/X05010
78,D,46,NASV,10,2025-11-15,2026-07-25,252,156,8,6,4,P05023/X05009/X05010
78,D,47,NASV,10,2025-11-15,2026-07-25,252,156,8,6,4,P05023/X05009/X05010
78,D,48,NASV,10,2025-11-15,2026-07-25,252,156,8,6,4,P05023/X05009/X05010
78,D,49,NASV,10,2025-11-15,2026-07-25,252,156,8,6,4,P05023/X05009/X05010
81,D,117,NASV,10,2025-10-22,2026-07-25,276,180,8,6,4,P05023/X05009
81,D,118,NASV,10,2025-10-22,2026-07-25,276,180,8,6,4,P05023/X05009
84,A,41,NASV,10,2025-10-23,2026-07-02,252,156,8,8,2,P05023/X05009/X05010
84,A,42,NASV,10,2025-10-23,2026-07-02,252,156,8,8,2,P05023/X05009/X05010
89,A,41,NASV,10,2025-11-16,2026-07-26,252,156,8,6,4,P05023/X05009/X05010
89,A,42,NASV,10,2025-11-16,2026-07-26,252,156,8,6,4,P05023/X05009/X05010
91,D,46,NASV,10,2025-11-16,2026-07-26,252,156,8,6,4,P05023/X05009/X05010
91,D,47,NASV,10,2025-11-16,2026-07-26,252,156,8,6,4,P05023/X05009/X05010
91,D,48,NASV,10,2025-11-16,2026-07-26,252,156,8,6,4,P05023/X05009/X05010
92,A,43,NASV,10,2025-11-16,2026-07-26,252,156,8,6,4,P05023/X05009/X05010
92,A,44,NASV,10,2025-11-16,2026-07-26,252,156,8,6,4,P05023/X05009/X05010
92,A,45,NASV,10,2025-11-16,2026-07-26,252,156,8,6,4,P05023/X05009/X05010
92,D,46,NASV,10,2025-11-16,2026-07-26,252,156,8,6,4,P05023/X05009/X05010
92,D,47,NASV,10,2025-11-16,2026-07-26,252,156,8,6,4,P05023/X05009/X05010
92,D,48,NASV,10,2025-11-16,2026-07-26,252,156,8,6,4,P05023/X05009/X05010
92,D,49,NASV,10,2025-11-16,2026-07-26,252,156,8,6,4,P05023/X05009/X05010
98,A,41,NASV,10,2025-10-23,2026-07-02,252,156,8,8,2,P05023/X05009/X05010
98,A,42,NASV,10,2025-10-23,2026-07-02,252,156,8,8,2,P05023/X05009/X05010
98,A,44,NASV,10,2025-10-23,2026-07-02,252,156,8,8,2,P05023/X05010
100,A,145,NASV,10,2025-11-17,2026-07-27,252,156,8,6,4,P05023/X05009/X05010
100,A,146,NASV,10,2025-11-17,2026-07-27,252,156,8,6,4,P05023/X05009/X05010
103,A,40,NASV,10,2025-11-17,2026-07-27,252,156,8,6,4,P05023/X05009/X05010
103,A,41,NASV,10,2025-11-17,2026-07-27,252,156,8,6,4,P05023/X05009/X05010
103,A,42,NASV,10,2025-11-17,2026-07-27,252,156,8,6,4,P05023/X05009/X05010
103,A,43,NASV,10,2025-11-17,2026-07-27,252,156,8,6,4,P05023/X05009/X05010
104,A,39,NASV,10,2025-11-17,2026-07-27,252,156,8,6,4,P05023/X05009/X05010
105,A,17,DHDH,10,2025-11-17,2026-07-27,252,156,8,6,4,P05023/X05009/X05010
105,A,18,DHDH,10,2025-11-17,2026-07-27,252,156,8,6,4,P05023/X05009/X05010
105,A,19,DHDH,10,2025-11-17,2026-07-27,252,156,8,6,4,P05023/X05009/X05010
105,D,47,NASV,10,2025-11-17,2026-07-27,252,156,8,6,4,P05023/X05009/X05010
105,D,48,NASV,10,2025-11-17,2026-07-27,252,156,8,6,4,P05023/X05009/X05010
105,D,49,NASV,10,2025-11-17,2026-07-27,252,156,8,6,4,P05023/X05009/X05010
105,D,50,NASV,10,2025-11-17,2026-07-27,252,156,8,6,4,P05023/X05009/X05010
107,D,120,NASV,10,2025-11-17,2026-07-27,252,156,8,6,4,P05023/X05009/X05010
107,D,121,NASV,10,2025-11-17,2026-07-27,252,156,8,6,4,P05023/X05009/X05010
107,D,122,NASV,10,2025-11-17,2026-07-27,252,156,8,6,4,P05023/X05009/X05010
109,A,146,NASV,10,2025-10-24,2026-07-27,276,180,8,6,4,P05023/X05009
132,A,40,NASV,10,2025-11-07,2026-07-17,252,156,8,7,3,P05023/X05009/X05010
132,A,41,NASV,10,2025-11-07,2026-07-17,252,156,8,7,3,P05023/X05009/X05010
132,A,42,NASV,10,2025-11-07,2026-07-17,252,156,8,7,3,P05023/X05009/X05010
132,A,43,NASV,10,2025-11-07,2026-07-17,252,156,8,7,3,P05023/X05009/X05010
132,A,140,NASV,10,2025-10-26,2026-07-17,264,168,8,7,3,P05023/X05009/X05010
132,A,141,NASV,10,2025-10-26,2026-07-17,264,168,8,7,3,P05023/X05009/X05010
132,A,142,NASV,10,2025-10-26,2026-07-17,264,168,8,7,3,P05023/X05009/X05010
132,A,143,NASV,10,2025-10-26,2026-07-17,264,168,8,7,3,P05023/X05009/X05010
132,A,144,NASV,10,2025-10-26,2026-07-17,264,168,8,7,3,P05023/X05009/X05010
132,A,145,NASV,10,2025-10-26,2026-07-17,264,168,8,7,3,P05023/X05009/X05010
132,A,146,NASV,10,2025-10-26,2026-07-17,264,168,8,7,3,P05023/X05009/X05010
133,A,37,NASV,10,2025-11-07,2026-07-17,252,156,8,7,3,P05023/X05009/X05010
133,A,38,NASV,10,2025-11-07,2026-07-17,252,156,8,7,3,P05023/X05009/X05010
133,A,39,NASV,10,2025-11-07,2026-07-17,252,156,8,7,3,P05023/X05009/X05010
133,D,50,NASV,10,2025-11-07,2026-07-17,252,156,8,7,3,P05023/X05009/X05010
133,D,51,NASV,10,2025-11-07,2026-07-17,252,156,8,7,3,P05023/X05009/X05010
134,D,46,NASV,10,2025-11-07,2026-07-17,252,156,8,7,3,P05023/X05009/X05010
134,D,47,NASV,10,2025-11-07,2026-07-17,252,156,8,7,3,P05023/X05009/X05010
134,D,48,NASV,10,2025-11-07,2026-07-17,252,156,8,7,3,P05023/X05009/X05010
134,D,49,NASV,10,2025-11-07,2026-07-17,252,156,8,7,3,P05023/X05009/X05010
134,D,50,NASV,10,2025-11-07,2026-07-17,252,156,8,7,3,P05023/X05009/X05010
134,D,51,NASV,10,2025-11-07,2026-07-17,252,156,8,7,3,P05023/X05009/X05010
135,A,43,NASV,10,2025-11-07,2026-07-17,252,156,8,7,3,P05023/X05009/X05010
135,A,44,NASV,10,2025-11-07,2026-07-17,252,156,8,7,3,P05023/X05009/X05010
135,A,45,NASV,10,2025-11-07,2026-07-17,252,156,8,7,3,P05023/X05009/X05010
135,D,46,NASV,10,2025-11-07,2026-07-17,252,156,8,7,3,P05023/X05009/X05010
135,D,47,NASV,10,2025-11-07,2026-07-17,252,156,8,7,3,P05023/X05009/X05010
135,D,48,NASV,10,2025-11-07,2026-07-17,252,156,8,7,3,P05023/X05009/X05010
135,D,49,NASV,10,2025-11-07,2026-07-17,252,156,8,7,3,P05023/X05009/X05010
135,D,50,NASV,10,2025-11-07,2026-07-17,252,156,8,7,3,P05023/X05010
136,A,39,NASV,10,2025-11-07,2026-07-17,252,156,8,7,3,P05023/X05009/X05010
136,A,40,NASV,10,2025-11-07,2026-07-17,252,156,8,7,3,P05023/X05009/X05010
136,A,41,NASV,10,2025-11-07,2026-07-17,252,156,8,7,3,P05023/X05009/X05010
136,A,42,NASV,10,2025-11-07,2026-07-17,252,156,8,7,3,P05023/X05009/X05010
136,A,43,NASV,10,2025-11-07,2026-07-17,252,156,8,7,3,P05023/X05009/X05010
136,A,44,NASV,10,2025-11-07,2026-07-17,252,156,8,7,3,P05023/X05009/X05010
136,A,45,NASV,10,2025-11-07,2026-07-17,252,156,8,7,3,P05023/X05009/X05010
136,D,46,NASV,10,2025-11-07,2026-07-17,252,156,8,7,3,P05023/X05009/X05010
136,D,47,NASV,10,2025-11-07,2026-07-17,252,156,8,7,3,P05023/X05009/X05010
138,A,140,NASV,10,2025-11-07,2026-07-17,252,156,8,7,3,P05023/X05009/X05010
139,D,119,NASV,10,2025-11-07,2026-07-17,252,156,8,7,3,P05023/X05009/X05010
139,D,120,NASV,10,2025-11-07,2026-07-17,252,156,8,7,3,P05023/X05009/X05010
139,D,121,NASV,10,2025-11-07,2026-07-17,252,156,8,7,3,P05023/X05009/X05010
139,D,122,NASV,10,2025-11-07,2026-07-17,252,156,8,7,3,P05023/X05009/X05010
139,D,123,NASV,10,2025-11-07,2026-07-17,252,156,8,7,3,P05023/X05009/X05010
139,D,124,NASV,10,2025-11-07,2026-07-17,252,156,8,7,3,P05023/X05009/X05010
139,D,125,NASV,10,2025-11-07,2026-07-17,252,156,8,7,3,P05023/X05009/X05010
143,A,4,DHDH,10,2025-10-27,2026-07-18,264,168,8,7,3,P05023/X05009/X05010
143,A,5,DHDH,10,2025-10-27,2026-07-18,264,168,8,7,3,P05023/X05009/X05010
143,A,6,DHDH,10,2025-10-27,2026-07-18,264,168,8,7,3,P05023/X05009/X05010
145,D,46,NASV,10,2025-11-08,2026-07-18,252,156,8,7,3,P05023/X05009/X05010
146,A,35,NASV,10,2025-11-08,2026-07-18,252,156,8,7,3,P05023/X05009/X05010
146,A,36,NASV,10,2025-11-08,2026-07-18,252,156,8,7,3,P05023/X05009/X05010
146,A,37,NASV,10,2025-11-08,2026-07-18,252,156,8,7,3,P05023/X05009/X05010
146,A,38,NASV,10,2025-11-08,2026-07-18,252,156,8,7,3,P05023/X05009/X05010
146,A,39,NASV,10,2025-11-08,2026-07-18,252,156,8,7,3,P05023/X05009/X05010
146,A,40,NASV,10,2025-11-08,2026-07-18,252,156,8,7,3,P05023/X05009/X05010
146,A,41,NASV,10,2025-11-08,2026-07-18,252,156,8,7,3,P05023/X05009/X05010
146,A,42,NASV,10,2025-11-08,2026-07-18,252,156,8,7,3,P05023/X05009/X05010
146,A,43,NASV,10,2025-11-08,2026-07-18,252,156,8,7,3,P05023/X05009/X05010
146,A,44,NASV,10,2025-11-08,2026-07-18,252,156,8,7,3,P05023/X05009/X05010
147,D,51,NASV,10,2025-11-08,2026-07-18,252,156,8,7,3,P05023/X05009/X05010
147,D,52,NASV,10,2025-11-08,2026-07-18,252,156,8,7,3,P05023/X05009/X05010
147,D,66,DHDH,10,2025-11-08,2026-07-18,252,156,8,7,3,P05023/X05009/X05010
147,D,67,DHDH,10,2025-11-08,2026-07-18,252,156,8,7,3,P05023/X05009/X05010
148,A,2,DHDH,10,2025-11-08,2026-07-18,252,156,8,7,3,P05023/X05009/X05010
148,A,3,DHDH,10,2025-11-08,2026-07-18,252,156,8,7,3,P05023/X05009/X05010
148,A,22,QPDH,10,2025-11-08,2026-07-18,252,156,8,7,3,P05023/X05009/X05010
148,A,23,QPDH,10,2025-11-08,2026-07-18,252,156,8,7,3,P05023/X05009/X05010
150,A,41,NASV,10,2025-11-08,2026-07-18,252,156,8,7,3,P05023/X05009/X05010
150,A,42,NASV,10,2025-11-08,2026-07-18,252,156,8,7,3,P05023/X05009/X05010
150,A,43,NASV,10,2025-11-08,2026-07-18,252,156,8,7,3,P05023/X05009/X05010
150,A,44,NASV,10,2025-11-08,2026-07-18,252,156,8,7,3,P05023/X05009/X05010
150,A,45,NASV,10,2025-11-08,2026-07-18,252,156,8,7,3,P05023/X05009/X05010
150,D,46,NASV,10,2025-11-08,2026-07-18,252,156,8,7,3,P05023/X05009/X05010
150,D,47,NASV,10,2025-11-08,2026-07-18,252,156,8,7,3,P05023/X05009/X05010
150,D,48,NASV,10,2025-11-08,2026-07-18,252,156,8,7,3,P05023/X05009/X05010
150,D,49,NASV,10,2025-11-08,2026-07-18,252,156,8,7,3,P05023/X05009/X05010
154,A,40,NASV,10,2025-11-08,2026-07-18,252,156,8,7,3,P05023/X05009/X05010
154,A,41,NASV,10,2025-11-08,2026-07-18,252,156,8,7,3,P05023/X05009/X05010
154,A,42,NASV,10,2025-11-08,2026-07-18,252,156,8,7,3,P05023/X05009/X05010
154,A,43,NASV,10,2025-11-08,2026-07-18,252,156,8,7,3,P05023/X05009/X05010
154,A,44,NASV,10,2025-11-08,2026-07-18,252,156,8,7,3,P05023/X05009/X05010
154,A,45,NASV,10,2025-11-08,2026-07-18,252,156,8,7,3,P05023/X05009/X05010
154,D,46,NASV,10,2025-11-08,2026-07-18,252,156,8,7,3,P05023/X05009/X05010
154,D,47,NASV,10,2025-11-08,2026-07-18,252,156,8,7,3,P05023/X05009/X05010
156,D,78,NADV,10,2025-10-28,2026-07-19,264,168,8,8,2,P05023/X05009/X05010
161,A,36,NASV,10,2025-11-09,2026-07-19,252,156,8,7,3,P05023/X05009/X05010
161,A,37,NASV,10,2025-11-09,2026-07-19,252,156,8,7,3,P05023/X05009/X05010
161,A,38,NASV,10,2025-11-09,2026-07-19,252,156,8,7,3,P05023/X05009/X05010
161,A,39,NASV,10,2025-11-09,2026-07-19,252,156,8,7,3,P05023/X05009/X05010
161,A,40,NASV,10,2025-11-09,2026-07-19,252,156,8,7,3,P05023/X05009/X05010
161,A,41,NASV,10,2025-11-09,2026-07-19,252,156,8,7,3,P05023/X05009/X05010
161,A,42,NASV,10,2025-11-09,2026-07-19,252,156,8,7,3,P05023/X05009/X05010
162,D,49,NASV,10,2025-11-09,2026-07-19,252,156,8,7,3,P05023/X05009/X05010
162,D,50,NASV,10,2025-11-09,2026-07-19,252,156,8,7,3,P05023/X05009/X05010
162,D,51,NASV,10,2025-11-09,2026-07-19,252,156,8,7,3,P05023/X05009/X05010
163,D,46,NASV,10,2025-11-09,2026-07-19,252,156,8,7,3,P05023/X05009/X05010
163,D,47,NASV,10,2025-11-09,2026-07-19,252,156,8,7,3,P05023/X05009/X05010
163,D,48,NASV,10,2025-11-09,2026-07-19,252,156,8,7,3,P05023/X05009/X05010
163,D,49,NASV,10,2025-11-09,2026-07-19,252,156,8,7,3,P05023/X05009/X05010
163,D,50,NASV,10,2025-11-09,2026-07-19,252,156,8,7,3,P05023/X05009/X05010
163,D,51,NASV,10,2025-11-09,2026-07-19,252,156,8,7,3,P05023/X05009/X05010
164,A,43,NASV,10,2025-11-09,2026-07-19,252,156,8,7,3,P05023/X05009/X05010
164,A,44,NASV,10,2025-11-09,2026-07-19,252,156,8,7,3,P05023/X05009/X05010
164,A,45,NASV,10,2025-11-09,2026-07-19,252,156,8,7,3,P05023/X05009/X05010
164,D,46,NASV,10,2025-11-09,2026-07-19,252,156,8,7,3,P05023/X05009/X05010
164,D,47,NASV,10,2025-11-09,2026-07-19,252,156,8,7,3,P05023/X05009/X05010
164,D,48,NASV,10,2025-11-09,2026-07-19,252,156,8,7,3,P05023/X05009/X05010
164,D,49,NASV,10,2025-11-09,2026-07-19,252,156,8,7,3,P05023/X05009/X05010
168,D,119,NASV,10,2025-10-28,2026-07-19,264,168,8,7,3,P05023/X05009/X05010
168,D,121,NASV,10,2025-10-28,2026-07-19,264,168,8,7,3,P05023/X05009/X05010
168,D,122,NASV,10,2025-10-28,2026-07-19,264,168,8,7,3,P05023/X05009/X05010
168,D,123,NASV,10,2025-10-28,2026-07-19,264,168,8,7,3,P05023/X05009/X05010
170,A,43,NASV,10,2025-10-28,2026-07-19,264,168,8,7,3,P05023/X05009/X05010
170,D,59,DHDH,10,2025-10-28,2026-07-19,264,168,8,7,3,P05023/X05009
170,D,60,DHDH,10,2025-10-28,2026-07-19,264,168,8,7,3,P05023/X05009
170,D,61,DHDH,10,2025-10-28,2026-07-19,264,168,8,7,3,P05023/X05009
170,D,63,DHDH,10,2025-10-28,2026-07-19,264,168,8,7,3,P05023/X05009
170,D,65,DHDH,10,2025-10-28,2026-07-19,264,168,8,7,3,P05023/X05009
171,D,66,DHDH,10,2025-10-29,2026-07-20,264,168,8,7,3,P05023/X05009
171,D,67,DHDH,10,2025-10-29,2026-07-20,264,168,8,7,3,P05023/X05009
171,D,68,DHDH,10,2025-10-29,2026-07-20,264,168,8,7,3,P05023/X05009
171,D,69,DHDH,10,2025-10-29,2026-07-20,264,168,8,7,3,P05023/X05009
171,D,70,DHDH,10,2025-10-29,2026-07-20,264,168,8,7,3,P05023/X05009
171,D,71,DHDH,10,2025-10-29,2026-07-20,264,168,8,7,3,P05023/X05009
171,D,72,DHDH,10,2025-10-29,2026-07-20,264,168,8,7,3,P05023/X05009
171,D,73,DHDH,10,2025-10-29,2026-07-20,264,168,8,7,3,P05023/X05009
171,D,74,DHDH,10,2025-10-29,2026-07-20,264,168,8,7,3,P05023/X05009
171,D,75,DHDH,10,2025-10-29,2026-07-20,264,168,8,7,3,P05023/X05009
171,D,76,DHDH,10,2025-10-29,2026-07-20,264,168,8,7,3,P05023/X05009
172,A,3,DHDH,10,2025-10-29,2026-07-20,264,168,8,7,3,P05023/X05009
172,A,4,DHDH,10,2025-10-29,2026-07-20,264,168,8,7,3,P05023/X05009
172,A,5,DHDH,10,2025-10-29,2026-07-20,264,168,8,7,3,P05023/X05009
172,A,6,DHDH,10,2025-10-29,2026-07-20,264,168,8,7,3,P05023/X05009
172,A,7,DHDH,10,2025-10-29,2026-07-20,264,168,8,7,3,P05023/X05009
172,A,8,DHDH,10,2025-10-29,2026-07-20,264,168,8,7,3,P05023/X05009
172,A,9,DHDH,10,2025-10-29,2026-07-20,264,168,8,7,3,P05023/X05009
172,A,12,DHDH,10,2025-10-29,2026-07-20,264,168,8,7,3,P05023/X05009
172,A,13,DHDH,10,2025-10-29,2026-07-20,264,168,8,7,3,P05023/X05009
172,A,14,DHDH,10,2025-10-29,2026-07-20,264,168,8,7,3,P05023/X05009
172,A,16,DHDH,10,2025-10-29,2026-07-20,264,168,8,7,3,P05023/X05009
172,A,17,DHDH,10,2025-10-29,2026-07-20,264,168,8,7,3,P05023/X05009
172,A,18,DHDH,10,2025-10-29,2026-07-20,264,168,8,7,3,P05023/X05009
172,A,19,DHDH,10,2025-10-29,2026-07-20,264,168,8,7,3,P05023/X05009
172,A,20,DHDH,10,2025-10-29,2026-07-20,264,168,8,7,3,P05023/X05009
172,A,21,DHDH,10,2025-10-29,2026-07-20,264,168,8,7,3,P05023/X05009
172,A,22,DHDH,10,2025-10-29,2026-07-20,264,168,8,7,3,P05023/X05009
172,D,61,DHDH,10,2025-10-29,2026-07-20,264,168,8,7,3,P05023/X05009
172,D,62,DHDH,10,2025-10-29,2026-07-20,264,168,8,7,3,P05023/X05009
172,D,63,DHDH,10,2025-10-29,2026-07-20,264,168,8,7,3,P05023/X05009
172,D,64,DHDH,10,2025-10-29,2026-07-20,264,168,8,7,3,P05023/X05009
172,D,65,DHDH,10,2025-10-29,2026-07-20,264,168,8,7,3,P05023/X05009
172,D,66,DHDH,10,2025-10-29,2026-07-20,264,168,8,7,3,P05023/X05009
172,D,67,DHDH,10,2025-10-29,2026-07-20,264,168,8,7,3,P05023/X05009
172,D,68,NADV,10,2025-10-29,2026-07-20,264,168,8,7,3,P05023/X05009/X05010
172,D,69,NADV,10,2025-10-29,2026-07-20,264,168,8,7,3,P05023/X05009/X05010
172,D,70,NADV,10,2025-10-29,2026-07-20,264,168,8,7,3,P05023/X05009/X05010
172,D,71,NADV,10,2025-10-29,2026-07-20,264,168,8,7,3,P05023/X05009/X05010
173,D,58,DHDH,10,2025-10-29,2026-07-20,264,168,8,7,3,P05023/X05009/X05010
5,A,14,DHDH,10,2025-10-17,2026-07-20,276,168,7,7,3,P05023/X05009
5,A,15,DHDH,10,2025-10-17,2026-07-20,276,168,7,7,3,P05023/X05009
5,A,16,DHDH,10,2025-10-17,2026-07-20,276,168,7,7,3,P05023/X05009
5,A,17,DHDH,10,2025-10-17,2026-07-20,276,168,7,7,3,P05023/X05009
7,D,68,DHDH,10,2025-10-17,2026-07-20,276,168,7,7,3,P05023/X05009
7,D,69,DHDH,10,2025-10-17,2026-07-20,276,168,7,7,3,P05023/X05009
7,D,70,DHDH,10,2025-10-17,2026-07-20,276,168,7,7,3,P05023/X05009
10,A,40,NASV,10,2025-10-17,2026-07-20,276,168,7,7,3,P05023/X05009/X05010
10,A,41,NASV,10,2025-10-17,2026-07-20,276,168,7,7,3,P05023/X05009/X05010
10,A,42,NASV,10,2025-10-17,2026-07-20,276,168,7,7,3,P05023/X05009/X05010
10,A,43,NASV,10,2025-10-17,2026-07-20,276,168,7,7,3,P05023/X05009/X05010
10,A,44,NASV,10,2025-10-17,2026-07-20,276,168,7,7,3,P05023/X05009/X05010
10,A,45,NASV,10,2025-10-17,2026-07-20,276,168,7,7,3,P05023/X05009/X05010
10,D,46,NASV,10,2025-10-17,2026-07-20,276,168,7,7,3,P05023/X05009/X05010
10,D,47,NASV,10,2025-10-17,2026-07-20,276,168,7,7,3,P05023/X05009/X05010
20,A,35,DHDH,10,2025-10-18,2026-07-21,276,168,7,7,3,P05023/X05009/X05010
20,A,36,DHDH,10,2025-10-18,2026-07-21,276,168,7,7,3,P05023/X05009
20,A,37,DHDH,10,2025-10-18,2026-07-21,276,168,7,7,3,P05023/X05009
26,A,43,NASV,10,2025-10-19,2026-07-22,276,168,7,7,3,P05023/X05009/X05010
28,A,21,DHDH,10,2025-10-19,2026-07-22,276,168,7,7,3,P05023/X05009/X05010
28,A,22,DHDH,10,2025-10-19,2026-07-22,276,168,7,7,3,P05023/X05009/X05010
28,A,23,DHDH,10,2025-10-19,2026-07-22,276,168,7,7,3,P05023/X05009/X05010
28,A,24,DHDH,10,2025-10-19,2026-07-22,276,168,7,7,3,P05023/X05009/X05010
28,A,25,DHDH,10,2025-10-19,2026-07-22,276,168,7,7,3,P05023/X05009/X05010
28,A,26,DHDH,10,2025-10-19,2026-07-22,276,168,7,7,3,P05023/X05009/X05010
28,A,27,DHDH,10,2025-10-19,2026-07-22,276,168,7,7,3,P05023/X05009/X05010
29,D,57,DHDH,10,2025-10-19,2026-07-22,276,168,7,7,3,P05023/X05009/X05010
29,D,58,DHDH,10,2025-10-19,2026-07-22,276,168,7,7,3,P05023/X05010
48,A,136,SHSH,10,2025-11-01,2026-07-23,264,156,7,6,4,P05023/X05009/X05010
48,A,137,SHSH,10,2025-11-01,2026-07-23,264,156,7,6,4,P05023/X05009/X05010
48,A,138,SHSH,10,2025-11-01,2026-07-23,264,156,7,6,4,P05023/X05009/X05010
48,A,139,SHSH,10,2025-11-01,2026-07-23,264,156,7,6,4,P05023/X05009/X05010
50,A,10,NADV,10,2025-11-01,2026-07-23,264,156,7,6,4,P05023/X05009/X05010
50,A,11,NADV,10,2025-11-01,2026-07-23,264,156,7,6,4,P05023/X05009/X05010
50,A,12,NADV,10,2025-11-01,2026-07-23,264,156,7,6,4,P05023/X05009/X05010
50,A,13,NADV,10,2025-11-01,2026-07-23,264,156,7,6,4,P05023/X05009/X05010
50,A,14,NADV,10,2025-11-01,2026-07-23,264,156,7,6,4,P05023/X05009/X05010
60,A,140,NASV,10,2025-10-21,2026-07-24,276,168,7,8,2,P05023/X05009/X05010
60,A,141,NASV,10,2025-10-21,2026-07-24,276,168,7,8,2,P05023/X05009/X05010
60,A,142,NASV,10,2025-10-21,2026-07-24,276,168,7,8,2,P05023/X05009/X05010
60,A,143,NASV,10,2025-10-21,2026-07-24,276,168,7,8,2,P05023/X05009/X05010
60,A,144,NASV,10,2025-10-21,2026-07-24,276,168,7,8,2,P05023/X05009/X05010
60,A,145,NASV,10,2025-10-21,2026-07-24,276,168,7,8,2,P05023/X05009/X05010
60,A,146,NASV,10,2025-10-21,2026-07-24,276,168,7,8,2,P05023/X05009/X05010
60,A,147,NASV,10,2025-10-21,2026-07-24,276,168,7,8,2,P05023/X05009/X05010
68,A,134,SHSH,10,2025-11-02,2026-07-24,264,156,7,6,4,P05023/X05009/X05010
68,A,135,SHSH,10,2025-11-02,2026-07-24,264,156,7,6,4,P05023/X05009/X05010
68,A,136,SHSH,10,2025-11-02,2026-07-24,264,156,7,6,4,P05023/X05009/X05010
68,A,137,SHSH,10,2025-11-02,2026-07-24,264,156,7,6,4,P05023/X05009/X05010
68,A,138,SHSH,10,2025-11-02,2026-07-24,264,156,7,6,4,P05023/X05009/X05010
68,A,139,SHSH,10,2025-11-02,2026-07-24,264,156,7,6,4,P05023/X05009/X05010
68,A,140,SHSH,10,2025-11-02,2026-07-24,264,156,7,6,4,P05023/X05009/X05010
68,A,141,SHSH,10,2025-11-02,2026-07-24,264,156,7,6,4,P05023/X05009/X05010
68,A,142,SHSH,10,2025-11-02,2026-07-24,264,156,7,6,4,P05023/X05009/X05010
75,A,150,DHDH,10,2025-10-22,2026-07-25,276,156,7,6,4,P05023/X05009/X05010
75,A,151,DHDH,10,2025-10-22,2026-07-25,276,156,7,6,4,P05023/X05009/X05010
75,A,152,DHDH,10,2025-10-22,2026-07-25,276,156,7,6,4,P05023/X05009/X05010
75,A,153,DHDH,10,2025-10-22,2026-07-25,276,156,7,6,4,P05023/X05009/X05010
75,A,154,DHDH,10,2025-10-22,2026-07-25,276,156,7,6,4,P05023/X05009/X05010
75,A,155,DHDH,10,2025-10-22,2026-07-25,276,156,7,6,4,P05023/X05009/X05010
75,A,156,DHDH,10,2025-10-22,2026-07-25,276,156,7,6,4,P05023/X05009/X05010
75,A,157,DHDH,10,2025-10-22,2026-07-25,276,156,7,6,4,P05023/X05009/X05010
75,A,158,DHDH,10,2025-10-22,2026-07-25,276,156,7,6,4,P05023/X05009/X05010
75,A,159,DHDH,10,2025-10-22,2026-07-25,276,156,7,6,4,P05023/X05009/X05010
75,A,160,DHDH,10,2025-10-22,2026-07-25,276,156,7,6,4,P05023/X05009/X05010
75,A,161,DHDH,10,2025-10-22,2026-07-25,276,156,7,6,4,P05023/X05009/X05010
75,A,162,DHDH,10,2025-10-22,2026-07-25,276,156,7,6,4,P05023/X05009/X05010
75,A,163,DHDH,10,2025-10-22,2026-07-25,276,156,7,6,4,P05023/X05010
85,D,51,DHDH,10,2025-11-04,2026-07-26,264,156,7,6,4,P05023/X05009/X05010
85,D,52,DHDH,10,2025-11-04,2026-07-26,264,156,7,6,4,P05023/X05009/X05010
85,D,53,DHDH,10,2025-11-04,2026-07-26,264,156,7,6,4,P05023/X05009/X05010
85,D,54,DHDH,10,2025-11-04,2026-07-26,264,156,7,6,4,P05023/X05009/X05010
85,D,55,DHDH,10,2025-11-04,2026-07-26,264,156,7,6,4,P05023/X05009/X05010
85,D,56,DHDH,10,2025-11-04,2026-07-26,264,156,7,6,4,P05023/X05009/X05010
85,D,57,DHDH,10,2025-11-04,2026-07-26,264,156,7,6,4,P05023/X05009/X05010
85,D,58,DHDH,10,2025-11-04,2026-07-26,264,156,7,6,4,P05023/X05009/X05010
85,D,59,DHDH,10,2025-11-04,2026-07-26,264,156,7,6,4,P05023/X05009/X05010
85,D,60,DHDH,10,2025-11-04,2026-07-26,264,156,7,6,4,P05023/X05009/X05010
85,D,61,DHDH,10,2025-11-04,2026-07-26,264,156,7,6,4,P05023/X05009/X05010
85,D,62,DHDH,10,2025-11-04,2026-07-26,264,156,7,6,4,P05023/X05009/X05010
85,D,63,DHDH,10,2025-11-04,2026-07-26,264,156,7,6,4,P05023/X05009/X05010
85,D,64,DHDH,10,2025-11-04,2026-07-26,264,156,7,6,4,P05023/X05009/X05010
85,D,65,DHDH,10,2025-11-04,2026-07-26,264,156,7,6,4,P05023/X05009/X05010
85,D,66,DHDH,10,2025-11-04,2026-07-26,264,156,7,6,4,P05023/X05009/X05010
85,D,67,DHDH,10,2025-11-04,2026-07-26,264,156,7,6,4,P05023/X05009/X05010
85,D,68,DHDH,10,2025-11-04,2026-07-26,264,156,7,6,4,P05023/X05009/X05010
94,A,157,DHDH,10,2025-11-04,2026-07-26,264,156,7,6,4,P05023/X05010
94,A,158,DHDH,10,2025-11-04,2026-07-26,264,156,7,6,4,P05023/X05009/X05010
94,A,159,DHDH,10,2025-11-04,2026-07-26,264,156,7,6,4,P05023/X05009/X05010
98,D,73,DHDH,10,2025-11-05,2026-07-27,264,156,7,6,4,P05023/X05009/X05010
100,A,2,DHDH,10,2025-11-05,2026-07-27,264,156,7,6,4,P05023/X05009/X05010
100,A,3,DHDH,10,2025-11-05,2026-07-27,264,156,7,6,4,P05023/X05009/X05010
100,A,4,DHDH,10,2025-11-05,2026-07-27,264,156,7,6,4,P05023/X05009/X05010
100,A,5,DHDH,10,2025-11-05,2026-07-27,264,156,7,6,4,P05023/X05009/X05010
100,A,6,DHDH,10,2025-11-05,2026-07-27,264,156,7,6,4,P05023/X05009/X05010
100,A,7,DHDH,10,2025-11-05,2026-07-27,264,156,7,6,4,P05023/X05009/X05010
100,A,8,DHDH,10,2025-11-05,2026-07-27,264,156,7,6,4,P05023/X05009/X05010
100,A,9,DHDH,10,2025-11-05,2026-07-27,264,156,7,6,4,P05023/X05009/X05010
100,A,10,DHDH,10,2025-11-05,2026-07-27,264,156,7,6,4,P05023/X05009/X05010
100,A,11,DHDH,10,2025-11-05,2026-07-27,264,156,7,6,4,P05023/X05009/X05010
100,A,12,DHDH,10,2025-11-05,2026-07-27,264,156,7,6,4,P05023/X05009/X05010
100,A,13,DHDH,10,2025-11-05,2026-07-27,264,156,7,6,4,P05023/X05009/X05010
100,A,14,DHDH,10,2025-11-05,2026-07-27,264,156,7,6,4,P05023/X05009/X05010
100,A,15,DHDH,10,2025-11-05,2026-07-27,264,156,7,6,4,P05023/X05009/X05010
100,A,16,DHDH,10,2025-11-05,2026-07-27,264,156,7,6,4,P05023/X05009/X05010
100,A,17,DHDH,10,2025-11-05,2026-07-27,264,156,7,6,4,P05023/X05009/X05010
100,D,66,NADV,10,2025-11-05,2026-07-27,264,156,7,6,4,P05023/X05009/X05010
100,D,67,NADV,10,2025-11-05,2026-07-27,264,156,7,6,4,P05023/X05009/X05010
100,D,68,NADV,10,2025-11-05,2026-07-27,264,156,7,6,4,P05023/X05009/X05010
100,D,69,NADV,10,2025-11-05,2026-07-27,264,156,7,6,4,P05023/X05009/X05010
104,A,25,DHDH,10,2025-11-05,2026-07-27,264,156,7,6,4,P05023/X05009/X05010
104,A,26,DHDH,10,2025-11-05,2026-07-27,264,156,7,6,4,P05023/X05009/X05010
104,A,27,DHDH,10,2025-11-05,2026-07-27,264,156,7,6,4,P05023/X05009/X05010
104,A,28,DHDH,10,2025-11-05,2026-07-27,264,156,7,6,4,P05023/X05009/X05010
104,A,29,DHDH,10,2025-11-05,2026-07-27,264,156,7,6,4,P05023/X05009/X05010
111,A,14,DHDH,10,2025-11-05,2026-07-27,264,156,7,6,4,P05023/X05010
118,A,140,NASV,10,2025-10-25,2026-07-16,264,156,7,7,3,P05023/X05009/X05010
118,A,141,NASV,10,2025-10-25,2026-07-16,264,156,7,7,3,P05023/X05009/X05010
118,A,142,NASV,10,2025-10-25,2026-07-16,264,156,7,7,3,P05023/X05009/X05010
118,A,143,NASV,10,2025-10-25,2026-07-16,264,156,7,7,3,P05023/X05009/X05010
118,A,144,NASV,10,2025-10-25,2026-07-16,264,156,7,7,3,P05023/X05009/X05010
126,A,37,NASV,10,2025-10-25,2026-07-16,264,156,7,7,3,P05023/X05009/X05010
126,A,38,NASV,10,2025-10-25,2026-07-16,264,156,7,7,3,P05023/X05009/X05010
126,A,39,NASV,10,2025-10-25,2026-07-16,264,156,7,7,3,P05023/X05009/X05010
126,A,40,NASV,10,2025-10-25,2026-07-16,264,156,7,7,3,P05023/X05009/X05010
126,A,41,NASV,10,2025-10-25,2026-07-16,264,156,7,7,3,P05023/X05009/X05010
126,A,42,NASV,10,2025-10-25,2026-07-16,264,156,7,7,3,P05023/X05009/X05010
126,A,43,NASV,10,2025-10-25,2026-07-16,264,156,7,7,3,P05023/X05009/X05010
126,A,44,NASV,10,2025-10-25,2026-07-16,264,156,7,7,3,P05023/X05009/X05010
126,A,45,NASV,10,2025-10-25,2026-07-16,264,156,7,7,3,P05023/X05009/X05010
130,D,53,DHDH,10,2025-10-26,2026-07-17,264,156,7,7,3,P05023/X05009/X05010
130,D,54,DHDH,10,2025-10-26,2026-07-17,264,156,7,7,3,P05023/X05009/X05010
130,D,55,DHDH,10,2025-10-26,2026-07-17,264,156,7,7,3,P05023/X05009/X05010
130,D,56,DHDH,10,2025-10-26,2026-07-17,264,156,7,7,3,P05023/X05009/X05010
130,D,57,DHDH,10,2025-10-26,2026-07-17,264,156,7,7,3,P05023/X05009/X05010
130,D,126,NASV,10,2025-10-26,2026-07-17,264,156,7,7,3,P05023/X05009/X05010
133,D,69,DHDH,10,2025-10-26,2026-07-17,264,156,7,7,3,P05023/X05009/X05010
133,D,70,DHDH,10,2025-10-26,2026-07-17,264,156,7,7,3,P05023/X05009/X05010
133,D,71,DHDH,10,2025-10-26,2026-07-17,264,156,7,7,3,P05023/X05009/X05010
18,D,48,NASV,9,2025-11-11,2026-07-21,252,168,7,6,3,P05023/X05009
18,D,49,NASV,9,2025-11-11,2026-07-21,252,168,7,6,3,P05023/X05009
18,D,50,NASV,9,2025-11-11,2026-07-21,252,168,7,6,3,P05023/X05009
18,D,51,NASV,9,2025-11-11,2026-07-21,252,168,7,6,3,P05023/X05009
19,A,45,NASV,9,2025-11-11,2026-07-21,252,168,7,6,3,P05023/X05009
19,D,46,NASV,9,2025-11-11,2026-07-21,252,168,7,6,3,P05023/X05009
19,D,47,NASV,9,2025-11-11,2026-07-21,252,168,7,6,3,P05023/X05009
19,D,48,NASV,9,2025-11-11,2026-07-21,252,168,7,6,3,P05023/X05009
19,D,49,NASV,9,2025-11-11,2026-07-21,252,168,7,6,3,P05023/X05009
19,D,50,NASV,9,2025-11-11,2026-07-21,252,168,7,6,3,P05023/X05009
19,D,51,NASV,9,2025-11-11,2026-07-21,252,168,7,6,3,P05023/X05010
20,A,42,NASV,9,2025-11-11,2026-07-21,252,168,7,6,3,P05023/X05009
20,A,43,NASV,9,2025-11-11,2026-07-21,252,168,7,6,3,P05023/X05009
20,A,44,NASV,9,2025-11-11,2026-07-21,252,168,7,6,3,P05023/X05009
20,A,45,NASV,9,2025-11-11,2026-07-21,252,168,7,6,3,P05023/X05009
20,D,46,NASV,9,2025-11-11,2026-07-21,252,168,7,6,3,P05023/X05009
20,D,47,NASV,9,2025-11-11,2026-07-21,252,168,7,6,3,P05023/X05009
20,D,48,NASV,9,2025-11-11,2026-07-21,252,168,7,6,3,P05023/X05009
20,D,49,NASV,9,2025-11-11,2026-07-21,252,168,7,6,3,P05023/X05009
20,D,50,NASV,9,2025-11-11,2026-07-21,252,168,7,6,3,P05023/X05009
30,A,40,NASV,9,2025-11-12,2026-07-22,252,168,7,6,3,P05023/X05009/X05010
30,A,41,NASV,9,2025-11-12,2026-07-22,252,168,7,6,3,P05023/X05009/X05010
30,A,42,NASV,9,2025-11-12,2026-07-22,252,168,7,6,3,P05023/X05009/X05010
30,A,43,NASV,9,2025-11-12,2026-07-22,252,168,7,6,3,P05023/X05009/X05010
30,A,44,NASV,9,2025-11-12,2026-07-22,252,168,7,6,3,P05023/X05009/X05010
30,A,45,NASV,9,2025-11-12,2026-07-22,252,168,7,6,3,P05023/X05009/X05010
35,A,40,NASV,9,2025-11-12,2026-07-22,252,168,7,6,3,P05023/X05009/X05010
35,A,41,NASV,9,2025-11-12,2026-07-22,252,168,7,6,3,P05023/X05009/X05010
35,A,42,NASV,9,2025-11-12,2026-07-22,252,168,7,6,3,P05023/X05009/X05010
35,A,43,NASV,9,2025-11-12,2026-07-22,252,168,7,6,3,P05023/X05009/X05010
35,A,44,NASV,9,2025-11-12,2026-07-22,252,168,7,6,3,P05023/X05009/X05010
35,A,45,NASV,9,2025-11-12,2026-07-22,252,168,7,6,3,P05023/X05009/X05010
35,D,46,NASV,9,2025-11-12,2026-07-22,252,168,7,6,3,P05023/X05009/X05010
36,D,68,DHDH,9,2025-11-12,2026-07-22,252,168,7,6,3,P05023/X05009/X05010
36,D,69,DHDH,9,2025-11-12,2026-07-22,252,168,7,6,3,P05023/X05009/X05010
36,D,70,DHDH,9,2025-11-12,2026-07-22,252,168,7,6,3,P05023/X05009/X05010
40,A,39,NASV,9,2025-10-31,2026-06-28,240,156,7,7,2,P05023/X05009/X05010
40,A,40,NASV,9,2025-10-31,2026-06-28,240,156,7,7,2,P05023/X05009/X05010
40,A,41,NASV,9,2025-10-31,2026-06-28,240,156,7,7,2,P05023/X05009/X05010
40,A,42,NASV,9,2025-10-31,2026-06-28,240,156,7,7,2,P05023/X05009/X05010
41,A,5,DVDV,9,2025-11-25,2026-07-23,240,156,7,5,4,P05023/X05009/X05010
41,A,6,DVDV,9,2025-11-25,2026-07-23,240,156,7,5,4,P05023/X05009/X05010
41,A,7,DVDV,9,2025-11-25,2026-07-23,240,156,7,5,4,P05023/X05009/X05010
41,A,8,DVDV,9,2025-11-25,2026-07-23,240,156,7,5,4,P05023/X05009/X05010
41,A,9,DVDV,9,2025-11-25,2026-07-23,240,156,7,5,4,P05023/X05009/X05010
41,A,10,DVDV,9,2025-11-25,2026-07-23,240,156,7,5,4,P05023/X05009/X05010
41,A,11,DVDV,9,2025-11-25,2026-07-23,240,156,7,5,4,P05023/X05009/X05010
41,A,13,DHDH,9,2025-11-25,2026-07-23,240,156,7,5,4,P05023/X05009/X05010
41,A,14,DHDH,9,2025-11-25,2026-07-23,240,156,7,5,4,P05023/X05009/X05010
41,A,15,DHDH,9,2025-11-25,2026-07-23,240,156,7,5,4,P05023/X05009/X05010
41,A,16,DHDH,9,2025-11-25,2026-07-23,240,156,7,5,4,P05023/X05009/X05010
41,A,17,DHDH,9,2025-11-25,2026-07-23,240,156,7,5,4,P05023/X05009/X05010
41,A,18,DHDH,9,2025-11-25,2026-07-23,240,156,7,5,4,P05023/X05009/X05010
41,A,19,DHDH,9,2025-11-25,2026-07-23,240,156,7,5,4,P05023/X05009/X05010
41,A,20,DHDH,9,2025-11-25,2026-07-23,240,156,7,5,4,P05023/X05009/X05010
42,A,9,DHDH,9,2025-11-01,2026-07-23,264,180,7,6,3,P05023/X05009/X05010
42,A,10,DHDH,9,2025-11-01,2026-07-23,264,180,7,6,3,P05023/X05009/X05010
42,A,11,DHDH,9,2025-11-01,2026-07-23,264,180,7,6,3,P05023/X05009/X05010
42,A,12,DHDH,9,2025-11-01,2026-07-23,264,180,7,6,3,P05023/X05009/X05010
42,A,13,DHDH,9,2025-11-01,2026-07-23,264,180,7,6,3,P05023/X05009/X05010
42,A,14,DHDH,9,2025-11-01,2026-07-23,264,180,7,6,3,P05023/X05009/X05010
42,A,15,DHDH,9,2025-11-01,2026-07-23,264,180,7,6,3,P05023/X05009/X05010
42,A,16,DHDH,9,2025-11-01,2026-07-23,264,180,7,6,3,P05023/X05009/X05010
42,A,17,DHDH,9,2025-11-01,2026-07-23,264,180,7,6,3,P05023/X05009/X05010
42,A,18,DHDH,9,2025-11-01,2026-07-23,264,180,7,6,3,P05023/X05009/X05010
42,A,19,DHDH,9,2025-11-01,2026-07-23,264,180,7,6,3,P05023/X05009/X05010
42,A,20,DHDH,9,2025-11-01,2026-07-23,264,180,7,6,3,P05023/X05009/X05010
42,A,21,DHDH,9,2025-11-01,2026-07-23,264,180,7,6,3,P05023/X05009/X05010
42,A,22,DHDH,9,2025-11-01,2026-07-23,264,180,7,6,3,P05023/X05009/X05010
47,D,48,NASV,9,2025-11-25,2026-07-23,240,156,7,5,4,P05023/X05009/X05010
47,D,49,NASV,9,2025-11-25,2026-07-23,240,156,7,5,4,P05023/X05009/X05010
47,D,50,NASV,9,2025-11-25,2026-07-23,240,156,7,5,4,P05023/X05009/X05010
48,A,45,NASV,9,2025-11-25,2026-07-23,240,156,7,5,4,P05023/X05009/X05010
48,D,46,NASV,9,2025-11-25,2026-07-23,240,156,7,5,4,P05023/X05009/X05010
48,D,47,NASV,9,2025-11-25,2026-07-23,240,156,7,5,4,P05023/X05009/X05010
48,D,48,NASV,9,2025-11-25,2026-07-23,240,156,7,5,4,P05023/X05009/X05010
48,D,49,NASV,9,2025-11-25,2026-07-23,240,156,7,5,4,P05023/X05009/X05010
48,D,50,NASV,9,2025-11-25,2026-07-23,240,156,7,5,4,P05023/X05009/X05010
49,A,42,NASV,9,2025-11-25,2026-07-23,240,156,7,5,4,P05023/X05009/X05010
49,A,43,NASV,9,2025-11-25,2026-07-23,240,156,7,5,4,P05023/X05009/X05010
56,A,22,DHDH,9,2025-11-26,2026-07-24,240,156,7,5,4,P05023/X05009/X05010
56,A,23,DHDH,9,2025-11-26,2026-07-24,240,156,7,5,4,P05023/X05009/X05010
57,A,144,NASV,9,2025-11-26,2026-07-24,240,156,7,5,4,P05023/X05009/X05010
57,A,145,NASV,9,2025-11-26,2026-07-24,240,156,7,5,4,P05023/X05009/X05010
57,A,146,NASV,9,2025-11-26,2026-07-24,240,156,7,5,4,P05023/X05009/X05010
71,A,145,NASV,9,2025-11-27,2026-07-25,240,156,7,5,4,P05023/X05009/X05010
71,A,146,NASV,9,2025-11-27,2026-07-25,240,156,7,5,4,P05023/X05009/X05010
75,A,31,NASV,9,2025-11-27,2026-07-25,240,156,7,5,4,P05023/X05009/X05010
75,A,32,NASV,9,2025-11-27,2026-07-25,240,156,7,5,4,P05023/X05009/X05010
75,A,33,NASV,9,2025-11-27,2026-07-25,240,156,7,5,4,P05023/X05009/X05010
75,A,34,NASV,9,2025-11-27,2026-07-25,240,156,7,5,4,P05023/X05009/X05010
75,A,35,NASV,9,2025-11-27,2026-07-25,240,156,7,5,4,P05023/X05009/X05010
75,A,36,NASV,9,2025-11-27,2026-07-25,240,156,7,5,4,P05023/X05009/X05010
75,A,37,NASV,9,2025-11-27,2026-07-25,240,156,7,5,4,P05023/X05009/X05010
75,A,38,NASV,9,2025-11-27,2026-07-25,240,156,7,5,4,P05023/X05009/X05010
75,A,39,NASV,9,2025-11-27,2026-07-25,240,156,7,5,4,P05023/X05009/X05010
75,A,40,NASV,9,2025-11-27,2026-07-25,240,156,7,5,4,P05023/X05009/X05010
75,D,51,NASV,9,2025-11-27,2026-07-25,240,156,7,5,4,P05023/X05009/X05010
75,D,52,NASV,9,2025-11-27,2026-07-25,240,156,7,5,4,P05023/X05009/X05010
77,A,34,DHDH,9,2025-11-03,2026-07-25,264,180,7,5,4,P05023/X05009
77,A,35,DHDH,9,2025-11-03,2026-07-25,264,180,7,5,4,P05023/X05009
77,A,36,DHDH,9,2025-11-03,2026-07-25,264,180,7,5,4,P05023/X05009
77,A,37,DHDH,9,2025-11-03,2026-07-25,264,180,7,5,4,P05023/X05009
77,A,45,NASV,9,2025-11-27,2026-07-25,240,156,7,5,4,P05023/X05009/X05010
77,D,46,NASV,9,2025-11-27,2026-07-25,240,156,7,5,4,P05023/X05009/X05010
77,D,47,NASV,9,2025-11-27,2026-07-25,240,156,7,5,4,P05023/X05009/X05010
77,D,48,NASV,9,2025-11-27,2026-07-25,240,156,7,5,4,P05023/X05009/X05010
77,D,49,NASV,9,2025-11-27,2026-07-25,240,156,7,5,4,P05023/X05009/X05010
77,D,50,NASV,9,2025-11-27,2026-07-25,240,156,7,5,4,P05023/X05009/X05010
78,D,120,NASV,9,2025-11-27,2026-07-25,240,156,7,5,4,P05023/X05009/X05010
78,D,121,NASV,9,2025-11-27,2026-07-25,240,156,7,5,4,P05023/X05009/X05010
84,D,71,DHDH,9,2025-11-28,2026-07-26,240,156,7,5,4,P05023/X05009/X05010
84,D,72,DHDH,9,2025-11-28,2026-07-26,240,156,7,5,4,P05023/X05009/X05010
85,D,71,DHDH,9,2025-11-28,2026-07-26,240,156,7,5,4,P05023/X05009/X05010
85,D,72,DHDH,9,2025-11-28,2026-07-26,240,156,7,5,4,P05023/X05009/X05010
86,A,144,NASV,9,2025-11-28,2026-07-26,240,156,7,5,4,P05023/X05009/X05010
86,A,145,NASV,9,2025-11-28,2026-07-26,240,156,7,5,4,P05023/X05009/X05010
86,A,146,NASV,9,2025-11-28,2026-07-26,240,156,7,5,4,P05023/X05009/X05010
93,D,100,DHDH,9,2025-11-28,2026-07-26,240,156,7,5,4,P05023/X05010
93,D,120,NASV,9,2025-11-28,2026-07-26,240,156,7,5,4,P05023/X05009/X05010
93,D,121,NASV,9,2025-11-28,2026-07-26,240,156,7,5,4,P05023/X05009/X05010
93,D,122,NASV,9,2025-11-28,2026-07-26,240,156,7,5,4,P05023/X05009/X05010
98,A,13,DHDH,9,2025-11-28,2026-07-26,240,156,7,5,4,P05023/X05009/X05010
98,A,14,DHDH,9,2025-11-28,2026-07-26,240,156,7,5,4,P05023/X05009/X05010
98,A,15,DHDH,9,2025-11-28,2026-07-26,240,156,7,5,4,P05023/X05009/X05010
98,A,16,DHDH,9,2025-11-28,2026-07-26,240,156,7,5,4,P05023/X05009/X05010
98,A,17,DHDH,9,2025-11-28,2026-07-26,240,156,7,5,4,P05023/X05009/X05010
98,A,18,DHDH,9,2025-11-28,2026-07-26,240,156,7,5,4,P05023/X05009/X05010
98,D,74,DHDH,9,2025-11-29,2026-07-27,240,156,7,5,4,P05023/X05009/X05010
107,D,125,SHSH,9,2025-11-17,2026-07-27,252,168,7,10,6,P05023/X05009
107,D,126,SHSH,9,2025-11-17,2026-07-27,252,168,7,5,4,P05023/X05009
107,D,127,SHSH,9,2025-11-17,2026-07-27,252,168,7,5,4,P05023/X05009
107,D,128,SHSH,9,2025-11-17,2026-07-27,252,168,7,5,4,P05023/X05009
107,D,129,SHSH,9,2025-11-17,2026-07-27,252,168,7,5,4,P05023/X05009
107,D,130,SHSH,9,2025-11-17,2026-07-27,252,168,7,5,4,P05023/X05009
107,D,131,SHSH,9,2025-11-17,2026-07-27,252,168,7,5,4,P05023/X05009
110,A,139,SHSH,9,2025-11-05,2026-07-27,264,180,7,5,4,P05023/X05010
136,D,120,NASV,9,2025-11-19,2026-07-17,240,156,7,6,3,P05023/X05009/X05010
136,D,121,NASV,9,2025-11-19,2026-07-17,240,156,7,6,3,P05023/X05009/X05010
136,D,122,NASV,9,2025-11-19,2026-07-17,240,156,7,6,3,P05023/X05009/X05010
136,D,125,SHSH,9,2025-11-19,2026-07-17,240,156,7,12,5,P05023/X05009/X05010
136,D,129,SHSH,9,2025-11-19,2026-07-17,240,156,7,6,3,P05023/X05010
136,D,130,SHSH,9,2025-11-19,2026-07-17,240,156,7,6,3,P05023/X05009/X05010
140,A,43,NASV,9,2025-11-07,2026-07-17,252,168,7,7,2,P05023/X05009/X05010
140,A,44,NASV,9,2025-11-07,2026-07-17,252,168,7,7,2,P05023/X05009/X05010
140,A,45,NASV,9,2025-11-07,2026-07-17,252,168,7,7,2,P05023/X05009/X05010
140,D,46,NASV,9,2025-11-07,2026-07-17,252,168,7,7,2,P05023/X05009/X05010
141,A,41,NASV,9,2025-10-26,2026-06-23,240,156,7,8,1,P05023/X05009/X05010
143,A,32,NASV,9,2025-10-27,2026-06-24,240,156,7,8,1,P05023/X05009/X05010
143,A,33,NASV,9,2025-10-27,2026-06-24,240,156,7,8,1,P05023/X05009/X05010
148,A,18,DHDH,9,2025-11-20,2026-07-18,240,156,7,6,3,P05023/X05009/X05010
150,D,120,NASV,9,2025-11-20,2026-07-18,240,156,7,6,3,P05023/X05009/X05010
150,D,121,NASV,9,2025-11-20,2026-07-18,240,156,7,6,3,P05023/X05009/X05010
156,A,42,NASV,9,2025-10-28,2026-06-25,240,156,7,8,1,P05023/X05009/X05010
156,D,73,DHDH,9,2025-11-21,2026-07-19,240,156,7,6,3,P05023/X05009/X05010
156,D,74,DHDH,9,2025-11-21,2026-07-19,240,156,7,6,3,P05023/X05009/X05010
158,A,144,NASV,9,2025-11-21,2026-07-19,240,156,7,6,3,P05023/X05009/X05010
158,A,145,NASV,9,2025-11-21,2026-07-19,240,156,7,6,3,P05023/X05009/X05010
158,A,146,NASV,9,2025-11-21,2026-07-19,240,156,7,6,3,P05023/X05009/X05010
163,A,15,DHDH,9,2025-11-21,2026-07-19,240,156,7,6,3,P05023/X05009/X05010
163,A,16,DHDH,9,2025-11-21,2026-07-19,240,156,7,6,3,P05023/X05009/X05010
163,A,17,DHDH,9,2025-11-21,2026-07-19,240,156,7,6,3,P05023/X05009/X05010
163,A,18,DHDH,9,2025-11-21,2026-07-19,240,156,7,6,3,P05023/X05009/X05010
163,A,19,DHDH,9,2025-11-21,2026-07-19,240,156,7,6,3,P05023/X05009/X05010
163,A,20,DHDH,9,2025-11-21,2026-07-19,240,156,7,6,3,P05023/X05009/X05010
163,A,21,DHDH,9,2025-11-21,2026-07-19,240,156,7,6,3,P05023/X05009/X05010
163,A,22,DHDH,9,2025-11-21,2026-07-19,240,156,7,6,3,P05023/X05009/X05010
163,A,23,DHDH,9,2025-11-21,2026-07-19,240,156,7,6,3,P05023/X05009/X05010
163,A,24,DHDH,9,2025-11-21,2026-07-19,240,156,7,6,3,P05023/X05009/X05010
163,A,25,DHDH,9,2025-11-21,2026-07-19,240,156,7,6,3,P05023/X05009/X05010
163,A,26,DHDH,9,2025-11-21,2026-07-19,240,156,7,6,3,P05023/X05009/X05010
163,A,27,DHDH,9,2025-11-21,2026-07-19,240,156,7,6,3,P05023/X05009/X05010
163,A,28,DHDH,9,2025-11-21,2026-07-19,240,156,7,6,3,P05023/X05009/X05010
163,A,29,DHDH,9,2025-11-21,2026-07-19,240,156,7,6,3,P05023/X05009/X05010
169,A,40,NASV,9,2025-10-28,2026-07-07,252,168,7,7,2,P05023/X05009/X05010
169,A,41,NASV,9,2025-10-28,2026-07-07,252,168,7,7,2,P05023/X05009/X05010
169,A,42,NASV,9,2025-10-28,2026-07-07,252,168,7,7,2,P05023/X05009/X05010
169,A,43,NASV,9,2025-10-28,2026-07-07,252,168,7,7,2,P05023/X05009/X05010
169,A,44,NASV,9,2025-10-28,2026-07-07,252,168,7,7,2,P05023/X05009/X05010
169,A,45,NASV,9,2025-10-28,2026-07-07,252,168,7,7,2,P05023/X05009/X05010
169,D,46,NASV,9,2025-10-28,2026-07-07,252,168,7,7,2,P05023/X05009/X05010
170,D,64,DHDH,9,2025-10-28,2026-07-07,252,168,7,7,2,P05023/X05009
4,A,19,DHDH,9,2025-10-29,2026-07-20,264,168,6,6,3,P05023/X05009
4,A,20,DHDH,9,2025-10-29,2026-07-20,264,168,6,6,3,P05023/X05009
4,A,21,QPDH,9,2025-10-29,2026-07-20,264,168,6,6,3,P05023/X05009/X05010
11,D,83,DHDH,9,2025-10-29,2026-07-20,264,168,6,6,3,P05023/X05009
11,D,84,DHDH,9,2025-10-29,2026-07-20,264,168,6,6,3,P05023/X05009
11,D,85,DHDH,9,2025-10-29,2026-07-20,264,168,6,6,3,P05023/X05009
11,D,86,DHDH,9,2025-10-29,2026-07-20,264,168,6,6,3,P05023/X05009
11,D,87,DHDH,9,2025-10-29,2026-07-20,264,168,6,6,3,P05023/X05009
11,D,88,DHDH,9,2025-10-29,2026-07-20,264,168,6,6,3,P05023/X05009
11,D,89,DHDH,9,2025-10-29,2026-07-20,264,168,6,6,3,P05023/X05009
11,D,90,DHDH,9,2025-10-29,2026-07-20,264,168,6,6,3,P05023/X05009
11,D,126,SHSH,9,2025-10-29,2026-07-20,264,168,6,6,3,P05023/X05009/X05010
11,D,127,SHSH,9,2025-10-29,2026-07-20,264,168,6,6,3,P05023/X05009/X05010
11,D,128,SHSH,9,2025-10-29,2026-07-20,264,168,6,6,3,P05023/X05009/X05010
11,D,129,SHSH,9,2025-10-29,2026-07-20,264,168,6,6,3,P05023/X05009/X05010
12,D,65,QPDH,9,2025-10-30,2026-07-21,264,168,6,6,3,P05023/X05009
12,D,66,QPDH,9,2025-10-30,2026-07-21,264,168,6,6,3,P05023/X05009
12,D,67,QPDH,9,2025-10-30,2026-07-21,264,168,6,6,3,P05023/X05009
12,D,68,QPDH,9,2025-10-30,2026-07-21,264,168,6,6,3,P05023/X05009
12,D,73,DHDH,9,2025-10-30,2026-07-21,264,168,6,6,3,P05023/X05009
12,D,74,DHDH,9,2025-10-30,2026-07-21,264,168,6,6,3,P05023/X05009
15,A,21,DHDH,9,2025-10-30,2026-07-21,264,168,6,6,3,P05023/X05009
15,A,22,DHDH,9,2025-10-30,2026-07-21,264,168,6,6,3,P05023/X05009
15,A,23,DHDH,9,2025-10-30,2026-07-21,264,168,6,6,3,P05023/X05009
15,D,54,DHDH,9,2025-10-30,2026-07-21,264,168,6,6,3,P05023/X05009
19,A,10,DHDH,9,2025-10-30,2026-07-21,264,168,6,6,3,P05023/X05009
19,A,11,DHDH,9,2025-10-30,2026-07-21,264,168,6,6,3,P05023/X05009
19,A,12,DHDH,9,2025-10-30,2026-07-21,264,168,6,6,3,P05023/X05009
19,A,13,DHDH,9,2025-10-30,2026-07-21,264,168,6,6,3,P05023/X05009
19,A,14,DHDH,9,2025-10-30,2026-07-21,264,168,6,6,3,P05023/X05009
19,A,15,DHDH,9,2025-10-30,2026-07-21,264,168,6,6,3,P05023/X05009
19,A,16,DHDH,9,2025-10-30,2026-07-21,264,168,6,6,3,P05023/X05009
19,A,17,DHDH,9,2025-10-30,2026-07-21,264,168,6,6,3,P05023/X05009
19,A,18,DHDH,9,2025-10-30,2026-07-21,264,168,6,6,3,P05023/X05009
19,A,19,DHDH,9,2025-10-30,2026-07-21,264,168,6,6,3,P05023/X05009
19,A,20,DHDH,9,2025-10-30,2026-07-21,264,168,6,6,3,P05023/X05009
19,A,21,DHDH,9,2025-10-30,2026-07-21,264,168,6,6,3,P05023/X05009/X05010
33,A,18,DHDH,9,2025-10-31,2026-07-22,264,168,6,6,3,P05023/X05009/X05010
38,A,20,DHDH,9,2025-10-31,2026-07-22,264,168,6,6,3,P05023/X05009/X05010
38,A,21,DHDH,9,2025-10-31,2026-07-22,264,168,6,6,3,P05023/X05009/X05010
38,A,22,DHDH,9,2025-10-31,2026-07-22,264,168,6,6,3,P05023/X05009/X05010
39,A,39,NASV,9,2025-10-31,2026-07-22,264,168,6,6,3,P05023/X05009/X05010
39,A,40,NASV,9,2025-10-31,2026-07-22,264,168,6,6,3,P05023/X05009/X05010
39,A,41,NASV,9,2025-10-31,2026-07-22,264,168,6,6,3,P05023/X05009/X05010
39,A,42,NASV,9,2025-10-31,2026-07-22,264,168,6,6,3,P05023/X05009/X05010
39,A,43,NASV,9,2025-10-31,2026-07-22,264,168,6,6,3,P05023/X05009/X05010
39,A,44,NASV,9,2025-10-31,2026-07-22,264,168,6,6,3,P05023/X05009/X05010
39,A,45,NASV,9,2025-10-31,2026-07-22,264,168,6,6,3,P05023/X05009/X05010
39,D,46,NASV,9,2025-10-31,2026-07-22,264,168,6,6,3,P05023/X05009/X05010
46,A,139,NASV,9,2025-10-20,2026-07-23,276,180,6,6,3,P05023/X05009
46,A,140,NASV,9,2025-10-20,2026-07-23,276,180,6,6,3,P05023/X05009
46,A,141,NASV,9,2025-10-20,2026-07-23,276,180,6,6,3,P05023/X05009
46,A,142,NASV,9,2025-10-20,2026-07-23,276,180,6,6,3,P05023/X05009
46,A,143,NASV,9,2025-10-20,2026-07-23,276,180,6,6,3,P05023/X05009
46,A,144,NASV,9,2025-10-20,2026-07-23,276,180,6,6,3,P05023/X05009
51,A,155,DHDH,9,2025-11-01,2026-07-23,264,156,6,5,4,P05023/X05009/X05010
51,A,156,DHDH,9,2025-11-01,2026-07-23,264,156,6,5,4,P05023/X05010
55,A,42,NASV,9,2025-10-21,2026-06-30,252,156,6,7,2,P05023/X05009/X05010
55,A,43,NASV,9,2025-10-21,2026-06-30,252,156,6,7,2,P05023/X05009/X05010
55,D,52,NASV,9,2025-10-21,2026-07-24,276,156,6,5,4,P05023/X05010
55,D,78,DHDH,9,2025-11-02,2026-07-24,264,156,6,5,4,P05023/X05009/X05010
55,D,79,DHDH,9,2025-11-02,2026-07-24,264,156,6,5,4,P05023/X05009/X05010
55,D,80,DHDH,9,2025-11-02,2026-07-24,264,156,6,5,4,P05023/X05009/X05010
55,D,81,DHDH,9,2025-11-02,2026-07-24,264,156,6,5,4,P05023/X05010
59,D,53,DHDH,9,2025-11-02,2026-07-24,264,168,6,5,4,P05023/X05009/X05010
59,D,54,DHDH,9,2025-11-02,2026-07-24,264,168,6,5,4,P05023/X05009/X05010
59,D,55,DHDH,9,2025-11-02,2026-07-24,264,168,6,5,4,P05023/X05009/X05010
61,D,49,NASV,9,2025-11-14,2026-07-24,252,156,6,6,3,P05023/X05009/X05010
61,D,50,NASV,9,2025-11-14,2026-07-24,252,156,6,6,3,P05023/X05009/X05010
61,D,51,NASV,9,2025-11-14,2026-07-24,252,156,6,6,3,P05023/X05009/X05010
65,D,54,DHDH,9,2025-11-14,2026-07-24,252,156,6,5,4,P05023/X05009/X05010
65,D,55,DHDH,9,2025-11-14,2026-07-24,252,156,6,5,4,P05023/X05009/X05010
65,D,56,DHDH,9,2025-11-14,2026-07-24,252,156,6,5,4,P05023/X05009/X05010
65,D,57,DHDH,9,2025-11-14,2026-07-24,252,156,6,5,4,P05023/X05009/X05010
65,D,58,DHDH,9,2025-11-14,2026-07-24,252,156,6,5,4,P05023/X05009/X05010
65,D,59,DHDH,9,2025-11-14,2026-07-24,252,156,6,5,4,P05023/X05009/X05010
65,D,60,DHDH,9,2025-11-14,2026-07-24,252,156,6,5,4,P05023/X05009/X05010
65,D,61,DHDH,9,2025-11-14,2026-07-24,252,156,6,5,4,P05023/X05009/X05010
65,D,62,DHDH,9,2025-11-14,2026-07-24,252,156,6,5,4,P05023/X05009/X05010
65,D,63,DHDH,9,2025-11-14,2026-07-24,252,156,6,5,4,P05023/X05009/X05010
65,D,64,DHDH,9,2025-11-14,2026-07-24,252,156,6,5,4,P05023/X05009/X05010
65,D,65,DHDH,9,2025-11-14,2026-07-24,252,156,6,5,4,P05023/X05009/X05010
65,D,66,DHDH,9,2025-11-14,2026-07-24,252,156,6,5,4,P05023/X05009/X05010
65,D,67,DHDH,9,2025-11-14,2026-07-24,252,156,6,5,4,P05023/X05009/X05010
65,D,68,DHDH,9,2025-11-14,2026-07-24,252,156,6,5,4,P05023/X05009/X05010
65,D,69,DHDH,9,2025-11-14,2026-07-24,252,156,6,5,4,P05023/X05009/X05010
65,D,70,DHDH,9,2025-11-14,2026-07-24,252,156,6,5,4,P05023/X05009/X05010
66,D,53,DHDH,9,2025-11-14,2026-07-24,252,156,6,5,4,P05023/X05009/X05010
66,D,54,DHDH,9,2025-11-14,2026-07-24,252,156,6,5,4,P05023/X05009/X05010
66,D,55,DHDH,9,2025-11-14,2026-07-24,252,156,6,5,4,P05023/X05009/X05010
66,D,56,DHDH,9,2025-11-14,2026-07-24,252,156,6,5,4,P05023/X05009/X05010
66,D,57,DHDH,9,2025-11-14,2026-07-24,252,156,6,5,4,P05023/X05009/X05010
66,D,58,DHDH,9,2025-11-14,2026-07-24,252,156,6,5,4,P05023/X05009/X05010
66,D,59,DHDH,9,2025-11-14,2026-07-24,252,156,6,5,4,P05023/X05009/X05010
66,D,60,DHDH,9,2025-11-14,2026-07-24,252,156,6,5,4,P05023/X05009/X05010
66,D,61,DHDH,9,2025-11-14,2026-07-24,252,156,6,5,4,P05023/X05009/X05010
66,D,62,DHDH,9,2025-11-14,2026-07-24,252,156,6,5,4,P05023/X05009/X05010
66,D,63,DHDH,9,2025-11-14,2026-07-24,252,156,6,5,4,P05023/X05009/X05010
66,D,64,DHDH,9,2025-11-14,2026-07-24,252,156,6,5,4,P05023/X05009/X05010
66,D,65,DHDH,9,2025-11-14,2026-07-24,252,156,6,5,4,P05023/X05009/X05010
66,D,66,DHDH,9,2025-11-14,2026-07-24,252,156,6,5,4,P05023/X05009/X05010
66,D,67,DHDH,9,2025-11-14,2026-07-24,252,156,6,5,4,P05023/X05009/X05010
66,D,68,DHDH,9,2025-11-14,2026-07-24,252,156,6,5,4,P05023/X05009/X05010
69,A,41,NASV,9,2025-10-21,2026-06-30,252,156,6,7,2,P05023/X05009/X05010
69,A,42,NASV,9,2025-10-21,2026-06-30,252,156,6,7,2,P05023/X05009/X05010
73,D,54,DHDH,9,2025-11-03,2026-07-13,252,156,6,6,3,P05023/X05009/X05010
73,D,55,DHDH,9,2025-11-03,2026-07-13,252,156,6,6,3,P05023/X05009/X05010
73,D,56,DHDH,9,2025-11-03,2026-07-13,252,156,6,6,3,P05023/X05009/X05010
73,D,57,DHDH,9,2025-11-03,2026-07-13,252,156,6,6,3,P05023/X05009/X05010
73,D,58,DHDH,9,2025-11-03,2026-07-25,264,168,6,6,3,P05023/X05009/X05010
78,A,32,DHDH,9,2025-11-15,2026-07-25,252,156,6,5,4,P05023/X05009/X05010
78,A,33,DHDH,9,2025-11-15,2026-07-25,252,156,6,5,4,P05023/X05009/X05010
78,A,34,DHDH,9,2025-11-15,2026-07-25,252,156,6,5,4,P05023/X05009/X05010
78,A,35,DHDH,9,2025-11-15,2026-07-25,252,156,6,5,4,P05023/X05009/X05010
78,A,36,DHDH,9,2025-11-15,2026-07-25,252,156,6,5,4,P05023/X05009/X05010
83,A,41,NASV,9,2025-10-22,2026-07-01,252,156,6,7,2,P05023/X05009/X05010
83,A,42,NASV,9,2025-10-22,2026-07-01,252,156,6,7,2,P05023/X05009/X05010
83,D,127,SHSH,9,2025-11-03,2026-07-25,264,156,6,5,4,P05023/X05010
83,D,128,SHSH,9,2025-11-03,2026-07-25,264,156,6,5,4,P05023/X05010
83,D,129,SHSH,9,2025-11-03,2026-07-25,264,156,6,5,4,P05023/X05010
83,D,130,SHSH,9,2025-11-03,2026-07-25,264,156,6,5,4,P05023/X05010
84,D,66,QPDH,9,2025-11-04,2026-07-26,264,156,6,5,4,P05023/X05009/X05010
84,D,67,QPDH,9,2025-11-04,2026-07-26,264,156,6,5,4,P05023/X05009/X05010
84,D,68,QPDH,9,2025-11-04,2026-07-26,264,156,6,5,4,P05023/X05009/X05010
86,A,142,SHSH,9,2025-11-04,2026-07-26,264,156,6,5,4,P05023/X05009/X05010
104,A,37,NASV,9,2025-11-17,2026-07-27,252,156,6,5,4,P05023/X05009/X05010
104,A,38,NASV,9,2025-11-17,2026-07-27,252,156,6,5,4,P05023/X05009/X05010
104,A,150,DHDH,9,2025-11-05,2026-07-27,264,168,6,5,4,P05023/X05009
104,A,151,DHDH,9,2025-11-05,2026-07-27,264,168,6,5,4,P05023/X05009
104,A,152,DHDH,9,2025-11-05,2026-07-27,264,168,6,5,4,P05023/X05009
104,A,153,DHDH,9,2025-11-05,2026-07-27,264,168,6,5,4,P05023/X05009
104,A,154,DHDH,9,2025-11-05,2026-07-27,264,168,6,5,4,P05023/X05009
104,A,155,DHDH,9,2025-11-05,2026-07-27,264,168,6,5,4,P05023/X05009
104,D,50,NASV,9,2025-11-17,2026-07-27,252,156,6,5,4,P05023/X05009/X05010
104,D,51,NASV,9,2025-11-17,2026-07-27,252,156,6,5,4,P05023/X05009/X05010
106,A,34,DHDH,9,2025-10-24,2026-07-27,276,168,6,5,4,P05023/X05009
106,A,35,DHDH,9,2025-10-24,2026-07-27,276,168,6,5,4,P05023/X05009
106,A,36,DHDH,9,2025-10-24,2026-07-27,276,168,6,5,4,P05023/X05009
113,D,66,QPDH,9,2025-10-25,2026-07-16,264,156,6,6,3,P05023/X05009/X05010
113,D,67,QPDH,9,2025-10-25,2026-07-16,264,156,6,6,3,P05023/X05009/X05010
118,A,38,NASV,9,2025-11-06,2026-07-16,252,156,6,6,3,P05023/X05009/X05010
118,A,39,NASV,9,2025-11-06,2026-07-16,252,156,6,6,3,P05023/X05009/X05010
118,A,40,NASV,9,2025-11-06,2026-07-16,252,156,6,6,3,P05023/X05009/X05010
118,A,41,NASV,9,2025-11-06,2026-07-16,252,156,6,6,3,P05023/X05009/X05010
118,D,52,NASV,9,2025-11-06,2026-07-16,252,156,6,6,3,P05023/X05009/X05010
118,D,67,DHDH,9,2025-10-25,2026-07-16,264,168,6,6,3,P05023/X05009/X05010
118,D,68,DHDH,9,2025-10-25,2026-07-16,264,168,6,6,3,P05023/X05009/X05010
118,D,69,DHDH,9,2025-10-25,2026-07-16,264,168,6,6,3,P05023/X05009/X05010
118,D,70,DHDH,9,2025-10-25,2026-07-16,264,168,6,6,3,P05023/X05009/X05010
119,D,48,NASV,9,2025-11-06,2026-07-16,252,156,6,6,3,P05023/X05009/X05010
119,D,49,NASV,9,2025-11-06,2026-07-16,252,156,6,6,3,P05023/X05009/X05010
119,D,50,NASV,9,2025-11-06,2026-07-16,252,156,6,6,3,P05023/X05009/X05010
119,D,51,NASV,9,2025-11-06,2026-07-16,252,156,6,6,3,P05023/X05009/X05010
120,A,45,NASV,9,2025-11-06,2026-07-16,252,156,6,6,3,P05023/X05009/X05010
120,D,46,NASV,9,2025-11-06,2026-07-16,252,156,6,6,3,P05023/X05009/X05010
120,D,47,NASV,9,2025-11-06,2026-07-16,252,156,6,6,3,P05023/X05009/X05010
120,D,48,NASV,9,2025-11-06,2026-07-16,252,156,6,6,3,P05023/X05009/X05010
120,D,49,NASV,9,2025-11-06,2026-07-16,252,156,6,6,3,P05023/X05009/X05010
121,A,42,NASV,9,2025-11-06,2026-07-16,252,156,6,6,3,P05023/X05009/X05010
121,A,43,NASV,9,2025-11-06,2026-07-16,252,156,6,6,3,P05023/X05009/X05010
121,A,44,NASV,9,2025-11-06,2026-07-16,252,156,6,6,3,P05023/X05009/X05010
121,A,45,NASV,9,2025-11-06,2026-07-16,252,156,6,6,3,P05023/X05009/X05010
121,D,46,NASV,9,2025-11-06,2026-07-16,252,156,6,6,3,P05023/X05009/X05010
121,D,47,NASV,9,2025-11-06,2026-07-16,252,156,6,6,3,P05023/X05009/X05010
121,D,48,NASV,9,2025-11-06,2026-07-16,252,156,6,6,3,P05023/X05009/X05010
127,A,42,NASV,9,2025-10-26,2026-07-17,264,156,6,6,3,P05023/X05009/X05010
147,A,160,DHDH,9,2025-11-08,2026-07-18,252,156,6,6,3,P05023/X05009/X05010
147,A,161,DHDH,9,2025-11-08,2026-07-18,252,156,6,6,3,P05023/X05009/X05010
147,A,162,DHDH,9,2025-11-08,2026-07-18,252,156,6,6,3,P05023/X05009/X05010
147,A,163,DHDH,9,2025-11-08,2026-07-18,252,156,6,6,3,P05023/X05009/X05010
147,A,164,DHDH,9,2025-11-08,2026-07-18,252,156,6,6,3,P05023/X05009/X05010
147,A,165,DHDH,9,2025-11-08,2026-07-18,252,156,6,6,3,P05023/X05009/X05010
147,A,170,DHDH,9,2025-11-08,2026-07-18,252,156,6,6,3,P05023/X05009/X05010
147,A,171,DHDH,9,2025-11-08,2026-07-18,252,156,6,6,3,P05023/X05009/X05010
147,A,172,DHDH,9,2025-11-08,2026-07-18,252,156,6,6,3,P05023/X05009/X05010
147,A,173,DHDH,9,2025-11-08,2026-07-18,252,156,6,6,3,P05023/X05009/X05010
151,A,12,DHDH,9,2025-11-08,2026-07-18,252,156,6,6,3,P05023/X05009/X05010
151,D,68,DHDH,9,2025-10-27,2026-07-18,264,156,6,6,3,P05023/X05009/X05010
151,D,69,DHDH,9,2025-10-27,2026-07-18,264,156,6,6,3,P05023/X05009/X05010
151,D,70,DHDH,9,2025-10-27,2026-07-18,264,156,6,6,3,P05023/X05009/X05010
151,D,71,DHDH,9,2025-10-27,2026-07-18,264,156,6,6,3,P05023/X05009/X05010
151,D,72,DHDH,9,2025-10-27,2026-07-18,264,156,6,6,3,P05023/X05009/X05010
151,D,73,DHDH,9,2025-10-27,2026-07-18,264,156,6,6,3,P05023/X05009/X05010
151,D,74,DHDH,9,2025-10-27,2026-07-18,264,156,6,6,3,P05023/X05009/X05010
162,A,22,DHDH,9,2025-10-28,2026-07-19,264,156,6,6,3,P05023/X05009/X05010
162,A,23,DHDH,9,2025-10-28,2026-07-19,264,156,6,6,3,P05023/X05009/X05010
162,A,24,DHDH,9,2025-10-28,2026-07-19,264,156,6,6,3,P05023/X05009/X05010
162,A,25,DHDH,9,2025-10-28,2026-07-19,264,156,6,6,3,P05023/X05009/X05010
162,A,26,DHDH,9,2025-10-28,2026-07-19,264,156,6,6,3,P05023/X05009/X05010
162,A,27,DHDH,9,2025-10-28,2026-07-19,264,156,6,6,3,P05023/X05009/X05010
162,A,28,DHDH,9,2025-10-28,2026-07-19,264,156,6,6,3,P05023/X05009/X05010
162,A,29,DHDH,9,2025-10-28,2026-07-19,264,156,6,6,3,P05023/X05009/X05010
170,D,70,DHDH,9,2025-10-29,2026-07-20,264,168,6,7,2,P05023/X05009
170,D,71,DHDH,9,2025-10-29,2026-07-20,264,168,6,7,2,P05023/X05009
170,D,72,DHDH,9,2025-10-29,2026-07-20,264,168,6,7,2,P05023/X05009
170,D,73,NADV,9,2025-10-29,2026-07-20,264,168,6,7,2,P05023/X05009/X05010
170,D,74,DHDH,9,2025-10-29,2026-07-20,264,168,6,7,2,P05023/X05009/X05010
170,D,77,DHDH,9,2025-10-29,2026-07-20,264,168,6,7,2,P05023/X05009/X05010
11,A,37,NASV,9,2025-10-17,2026-07-20,276,168,5,7,2,P05023/X05009
11,A,38,NASV,9,2025-10-17,2026-07-20,276,168,5,7,2,P05023/X05009
11,A,39,NASV,9,2025-10-17,2026-07-20,276,168,5,7,2,P05023/X05009
11,A,42,NASV,9,2025-10-17,2026-07-20,276,168,5,7,2,P05023/X05009
11,A,43,NASV,9,2025-10-17,2026-07-20,276,168,5,7,2,P05023/X05009
11,A,44,NASV,9,2025-10-17,2026-07-20,276,168,5,7,2,P05023/X05009
46,D,66,DHDH,9,2025-11-01,2026-07-23,264,156,5,5,7,P05023/X05009/X05010
46,D,67,DHDH,9,2025-11-01,2026-07-23,264,156,5,5,4,P05023/X05009/X05010
46,D,68,DHDH,9,2025-11-01,2026-07-23,264,156,5,5,4,P05023/X05009/X05010
46,D,69,DHDH,9,2025-11-01,2026-07-23,264,156,5,5,4,P05023/X05009/X05010
46,D,70,DHDH,9,2025-11-01,2026-07-23,264,156,5,5,4,P05023/X05009/X05010
46,D,71,DHDH,9,2025-11-01,2026-07-23,264,156,5,5,4,P05023/X05009/X05010
64,D,75,DHDH,9,2025-11-02,2026-07-24,264,156,5,5,4,P05023/X05009/X05010
64,D,76,DHDH,9,2025-11-02,2026-07-24,264,156,5,5,4,P05023/X05009/X05010
64,D,77,DHDH,9,2025-11-02,2026-07-24,264,156,5,5,4,P05023/X05009/X05010
91,A,13,DHDH,9,2025-11-04,2026-07-26,264,156,5,5,4,P05023/X05009/X05010
91,A,14,DHDH,9,2025-11-04,2026-07-26,264,156,5,5,4,P05023/X05009/X05010
91,A,15,DHDH,9,2025-11-04,2026-07-26,264,156,5,5,4,P05023/X05009/X05010
91,A,16,DHDH,9,2025-11-04,2026-07-26,264,156,5,5,4,P05023/X05009/X05010
91,A,17,DHDH,9,2025-11-04,2026-07-26,264,156,5,5,4,P05023/X05009/X05010
91,A,18,DHDH,9,2025-11-04,2026-07-26,264,156,5,5,4,P05023/X05009/X05010
91,A,19,DHDH,9,2025-11-04,2026-07-26,264,156,5,5,4,P05023/X05009/X05010
91,A,20,DHDH,9,2025-11-04,2026-07-26,264,156,5,5,4,P05023/X05009/X05010
91,A,21,DHDH,9,2025-11-04,2026-07-26,264,156,5,5,4,P05023/X05009/X05010
91,A,22,DHDH,9,2025-11-04,2026-07-26,264,156,5,5,4,P05023/X05009/X05010
91,A,23,DHDH,9,2025-11-04,2026-07-26,264,156,5,5,4,P05023/X05009/X05010
91,A,24,DHDH,9,2025-11-04,2026-07-26,264,156,5,5,4,P05023/X05009/X05010
91,A,25,DHDH,9,2025-11-04,2026-07-26,264,156,5,5,4,P05023/X05009/X05010
91,A,26,DHDH,9,2025-11-04,2026-07-26,264,156,5,5,4,P05023/X05009/X05010
91,A,27,DHDH,9,2025-11-04,2026-07-26,264,156,5,5,4,P05023/X05009/X05010
91,A,28,DHDH,9,2025-11-04,2026-07-26,264,156,5,5,4,P05023/X05009/X05010
91,A,29,DHDH,9,2025-11-04,2026-07-26,264,156,5,5,4,P05023/X05009/X05010
91,A,30,DHDH,9,2025-11-04,2026-07-26,264,156,5,5,4,P05023/X05009/X05010
91,A,31,DHDH,9,2025-11-04,2026-07-26,264,156,5,5,4,P05023/X05009/X05010
91,A,32,DHDH,9,2025-11-04,2026-07-26,264,156,5,5,4,P05023/X05010
110,A,21,DHDH,9,2025-11-05,2026-07-27,264,156,5,5,4,P05023/X05009/X05010
110,A,22,DHDH,9,2025-11-05,2026-07-27,264,156,5,5,4,P05023/X05009/X05010
110,A,23,DHDH,9,2025-11-05,2026-07-27,264,156,5,5,4,P05023/X05009/X05010
128,D,61,DHDH,9,2025-10-26,2026-07-17,264,156,5,6,3,P05023/X05009/X05010
128,D,62,DHDH,9,2025-10-26,2026-07-17,264,156,5,6,3,P05023/X05009/X05010
128,D,63,DHDH,9,2025-10-26,2026-07-17,264,156,5,6,3,P05023/X05009/X05010
128,D,64,DHDH,9,2025-10-26,2026-07-17,264,156,5,6,3,P05023/X05009/X05010
128,D,65,DHDH,9,2025-10-26,2026-07-17,264,156,5,6,3,P05023/X05009/X05010
128,D,66,DHDH,9,2025-10-26,2026-07-17,264,156,5,6,3,P05023/X05009/X05010
128,D,67,DHDH,9,2025-10-26,2026-07-17,264,156,5,6,3,P05023/X05009/X05010
128,D,68,DHDH,9,2025-10-26,2026-07-17,264,156,5,6,3,P05023/X05009/X05010
128,D,69,DHDH,9,2025-10-26,2026-07-17,264,156,5,6,3,P05023/X05009/X05010
128,D,70,DHDH,9,2025-10-26,2026-07-17,264,156,5,6,3,P05023/X05009/X05010
128,D,71,DHDH,9,2025-10-26,2026-07-17,264,156,5,6,3,P05023/X05009/X05010
128,D,72,DHDH,9,2025-10-26,2026-07-17,264,156,5,6,3,P05023/X05009/X05010
128,D,73,DHDH,9,2025-10-26,2026-07-17,264,156,5,6,3,P05023/X05009/X05010
128,D,74,DHDH,9,2025-10-26,2026-07-17,264,156,5,6,3,P05023/X05009/X05010
128,D,75,DHDH,9,2025-10-26,2026-07-17,264,156,5,6,3,P05023/X05009/X05010
129,A,31,DHDH,9,2025-10-26,2026-07-17,264,156,5,6,3,P05023/X05009/X05010
129,A,32,DHDH,9,2025-10-26,2026-07-17,264,156,5,6,3,P05023/X05009/X05010
129,A,33,DHDH,9,2025-10-26,2026-07-17,264,156,5,6,3,P05023/X05009/X05010
157,D,61,DHDH,9,2025-10-28,2026-07-19,264,156,5,6,3,P05023/X05009/X05010
157,D,62,DHDH,9,2025-10-28,2026-07-19,264,156,5,6,3,P05023/X05009/X05010
157,D,63,DHDH,9,2025-10-28,2026-07-19,264,156,5,6,3,P05023/X05009/X05010
157,D,64,DHDH,9,2025-10-28,2026-07-19,264,156,5,6,3,P05023/X05009/X05010
157,D,65,DHDH,9,2025-10-28,2026-07-19,264,156,5,6,3,P05023/X05009/X05010
157,D,66,DHDH,9,2025-10-28,2026-07-19,264,156,5,6,3,P05023/X05009/X05010
157,D,67,DHDH,9,2025-10-28,2026-07-19,264,156,5,6,3,P05023/X05009/X05010
157,D,68,DHDH,9,2025-10-28,2026-07-19,264,156,5,6,3,P05023/X05009/X05010
157,D,69,DHDH,9,2025-10-28,2026-07-19,264,156,5,6,3,P05023/X05009/X05010
157,D,70,DHDH,9,2025-10-28,2026-07-19,264,156,5,6,3,P05023/X05009/X05010
157,D,71,DHDH,9,2025-10-28,2026-07-19,264,156,5,6,3,P05023/X05009/X05010
157,D,73,DHDH,9,2025-10-28,2026-07-19,264,156,5,6,3,P05023/X05009/X05010
92,A,34,DHDH,9,2025-10-23,2026-07-26,276,156,4,5,4,P05023/X05009/X05010
98,D,55,NASV,9,2025-10-24,2026-07-27,276,156,4,6,3,P05023/X05009/X05010
98,D,56,NASV,9,2025-10-24,2026-07-27,276,156,4,6,3,P05023/X05009/X05010
98,D,57,NASV,9,2025-10-24,2026-07-27,276,156,4,6,3,P05023/X05009/X05010
98,D,58,NASV,9,2025-10-24,2026-07-27,276,156,4,6,3,P05023/X05009/X05010
1,D,46,NASV,8,2025-11-22,2026-07-20,240,168,6,5,3,P05023/X05009/X05010
4,A,17,DHDH,8,2025-11-22,2026-07-20,240,168,6,5,3,P05023/X05009/X05010
4,A,18,DHDH,8,2025-11-22,2026-07-20,240,168,6,5,3,P05023/X05009/X05010
4,D,47,NASV,8,2025-11-22,2026-07-20,240,168,6,5,3,P05023/X05009
4,D,48,NASV,8,2025-11-22,2026-07-20,240,168,6,5,3,P05023/X05009
4,D,49,NASV,8,2025-11-22,2026-07-20,240,168,6,5,3,P05023/X05009
4,D,50,NASV,8,2025-11-22,2026-07-20,240,168,6,5,3,P05023/X05009
5,A,18,DHDH,8,2025-11-22,2026-07-20,240,168,6,5,3,P05023/X05009/X05010
6,A,41,NASV,8,2025-11-22,2026-07-20,240,168,6,5,3,P05023/X05009
6,A,42,NASV,8,2025-11-22,2026-07-20,240,168,6,5,3,P05023/X05009
6,A,43,NASV,8,2025-11-22,2026-07-20,240,168,6,5,3,P05023/X05009
6,A,44,NASV,8,2025-11-22,2026-07-20,240,168,6,5,3,P05023/X05009
6,A,45,NASV,8,2025-11-22,2026-07-20,240,168,6,5,3,P05023/X05009
6,D,46,NASV,8,2025-11-22,2026-07-20,240,168,6,5,3,P05023/X05009
6,D,47,NASV,8,2025-11-22,2026-07-20,240,168,6,5,3,P05023/X05009
6,D,48,NASV,8,2025-11-22,2026-07-20,240,168,6,5,3,P05023/X05009
6,D,120,NASV,8,2025-11-22,2026-07-20,240,168,6,5,3,P05023/X05009/X05010
6,D,121,NASV,8,2025-11-22,2026-07-20,240,168,6,5,3,P05023/X05009/X05010
6,D,122,NASV,8,2025-11-22,2026-07-20,240,168,6,5,3,P05023/X05009/X05010
12,A,6,DHDH,8,2025-11-23,2026-07-21,240,168,6,5,3,P05023/X05009
12,A,7,DHDH,8,2025-11-23,2026-07-21,240,168,6,5,3,P05023/X05009
12,A,8,DHDH,8,2025-11-23,2026-07-21,240,168,6,5,3,P05023/X05009
12,A,9,DHDH,8,2025-11-23,2026-07-21,240,168,6,5,3,P05023/X05009
12,A,10,DHDH,8,2025-11-23,2026-07-21,240,168,6,5,3,P05023/X05009
12,A,11,DHDH,8,2025-11-23,2026-07-21,240,168,6,5,3,P05023/X05009
12,A,12,DHDH,8,2025-11-23,2026-07-21,240,168,6,5,3,P05023/X05009
12,A,13,DHDH,8,2025-11-23,2026-07-21,240,168,6,5,3,P05023/X05009
12,A,14,DHDH,8,2025-11-23,2026-07-21,240,168,6,5,3,P05023/X05009
12,A,15,DHDH,8,2025-11-23,2026-07-21,240,168,6,5,3,P05023/X05009
12,A,16,DHDH,8,2025-11-23,2026-07-21,240,168,6,5,3,P05023/X05009
12,A,17,DHDH,8,2025-11-23,2026-07-21,240,168,6,5,3,P05023/X05009
12,A,18,DHDH,8,2025-11-23,2026-07-21,240,168,6,5,3,P05023/X05009
12,A,19,DHDH,8,2025-11-23,2026-07-21,240,168,6,5,3,P05023/X05009
12,A,20,DHDH,8,2025-11-23,2026-07-21,240,168,6,5,3,P05023/X05009
12,D,72,DHDH,8,2025-11-23,2026-07-21,240,168,6,5,3,P05023/X05009
13,A,19,DHDH,8,2025-11-23,2026-07-21,240,168,6,5,3,P05023/X05009
13,A,20,DHDH,8,2025-11-23,2026-07-21,240,168,6,5,3,P05023/X05009
13,A,21,DHDH,8,2025-11-23,2026-07-21,240,168,6,5,3,P05023/X05009
13,A,22,DHDH,8,2025-11-23,2026-07-21,240,168,6,5,3,P05023/X05009
13,A,23,DHDH,8,2025-11-23,2026-07-21,240,168,6,5,3,P05023/X05009
13,A,24,DHDH,8,2025-11-23,2026-07-21,240,168,6,5,3,P05023/X05009
13,A,25,DHDH,8,2025-11-23,2026-07-21,240,168,6,5,3,P05023/X05009
13,A,26,DHDH,8,2025-11-23,2026-07-21,240,168,6,5,3,P05023/X05009
13,A,27,DHDH,8,2025-11-23,2026-07-21,240,168,6,5,3,P05023/X05009
13,A,28,DHDH,8,2025-11-23,2026-07-21,240,168,6,5,3,P05023/X05009
13,A,29,DHDH,8,2025-11-23,2026-07-21,240,168,6,5,3,P05023/X05009
13,A,30,DHDH,8,2025-11-23,2026-07-21,240,168,6,5,3,P05023/X05009
14,A,144,NASV,8,2025-11-23,2026-07-21,240,168,6,5,3,P05023/X05009/X05010
14,A,145,NASV,8,2025-11-23,2026-07-21,240,168,6,5,3,P05023/X05009/X05010
14,A,146,NASV,8,2025-11-23,2026-07-21,240,168,6,5,3,P05023/X05009/X05010
20,A,33,DHDH,8,2025-11-23,2026-07-21,240,168,6,5,3,P05023/X05009
20,A,34,DHDH,8,2025-11-23,2026-07-21,240,168,6,5,3,P05023/X05009
20,D,124,SHSH,8,2025-11-23,2026-07-21,240,168,6,5,3,P05023/X05009
20,D,125,SHSH,8,2025-11-23,2026-07-21,240,168,6,5,3,P05023/X05009
20,D,126,SHSH,8,2025-11-23,2026-07-21,240,168,6,5,3,P05023/X05009
20,D,127,SHSH,8,2025-11-23,2026-07-21,240,168,6,5,3,P05023/X05009
20,D,128,SHSH,8,2025-11-23,2026-07-21,240,168,6,5,3,P05023/X05009
20,D,129,SHSH,8,2025-11-23,2026-07-21,240,168,6,5,3,P05023/X05009
26,A,12,DHDH,8,2025-11-23,2026-07-21,240,168,6,5,3,P05023/X05009
26,A,13,DHDH,8,2025-11-23,2026-07-21,240,168,6,5,3,P05023/X05009
26,A,14,DHDH,8,2025-11-23,2026-07-21,240,168,6,5,3,P05023/X05009
26,A,15,DHDH,8,2025-11-23,2026-07-21,240,168,6,5,3,P05023/X05009
26,A,16,DHDH,8,2025-11-23,2026-07-21,240,168,6,5,3,P05023/X05009
26,A,17,DHDH,8,2025-11-23,2026-07-21,240,168,6,5,3,P05023/X05009
28,A,145,NASV,8,2025-11-24,2026-07-22,240,168,6,5,3,P05023/X05009/X05010
28,A,146,NASV,8,2025-11-24,2026-07-22,240,168,6,5,3,P05023/X05009/X05010
33,A,16,DHDH,8,2025-11-24,2026-07-22,240,168,6,5,3,P05023/X05009/X05010
33,A,17,DHDH,8,2025-11-24,2026-07-22,240,168,6,5,3,P05023/X05009/X05010
35,D,120,NASV,8,2025-11-24,2026-07-22,240,168,6,5,3,P05023/X05009/X05010
35,D,121,NASV,8,2025-11-24,2026-07-22,240,168,6,5,3,P05023/X05009/X05010
35,D,122,NASV,8,2025-11-24,2026-07-22,240,168,6,5,3,P05023/X05009/X05010
39,A,13,DHDH,8,2025-11-24,2026-07-22,240,168,6,5,3,P05023/X05009/X05010
49,D,120,NASV,8,2025-11-25,2026-07-23,240,168,6,5,3,P05023/X05009/X05010
49,D,121,NASV,8,2025-11-25,2026-07-23,240,168,6,5,3,P05023/X05009/X05010
90,D,49,NASV,8,2025-11-16,2026-07-02,228,156,6,6,2,P05023/X05009/X05010
90,D,50,NASV,8,2025-11-16,2026-07-02,228,156,6,6,2,P05023/X05009/X05010
90,D,51,NASV,8,2025-11-16,2026-07-02,228,156,6,6,2,P05023/X05009/X05010
107,A,35,DHDH,8,2025-11-17,2026-07-27,252,180,6,4,4,P05023/X05009
107,D,124,SHSH,8,2025-11-17,2026-07-27,252,180,6,5,3,P05023/X05009
115,A,144,NASV,8,2025-11-30,2026-07-16,228,156,6,5,3,P05023/X05009/X05010
115,A,145,NASV,8,2025-11-30,2026-07-16,228,156,6,5,3,P05023/X05009/X05010
115,A,146,NASV,8,2025-11-30,2026-07-16,228,156,6,5,3,P05023/X05009/X05010
116,A,44,NASV,8,2025-11-30,2026-07-16,228,156,6,5,3,P05023/X05009/X05010
116,A,45,NASV,8,2025-11-30,2026-07-16,228,156,6,5,3,P05023/X05009/X05010
116,D,46,NASV,8,2025-11-30,2026-07-16,228,156,6,5,3,P05023/X05009/X05010
116,D,47,NASV,8,2025-11-30,2026-07-16,228,156,6,5,3,P05023/X05009/X05010
121,D,120,NASV,8,2025-11-30,2026-07-16,228,156,6,5,3,P05023/X05009/X05010
121,D,121,NASV,8,2025-11-30,2026-07-16,228,156,6,5,3,P05023/X05009/X05010
121,D,122,NASV,8,2025-11-30,2026-07-16,228,156,6,5,3,P05023/X05009/X05010
134,A,14,NADV,8,2025-12-01,2026-07-17,228,156,6,5,3,P05023/X05009/X05010
134,A,15,NADV,8,2025-12-01,2026-07-17,228,156,6,5,3,P05023/X05009/X05010
136,A,34,NASV,8,2025-11-07,2026-06-23,228,156,6,7,1,P05023/X05009/X05010
138,D,56,NASV,8,2025-11-07,2026-06-23,228,156,6,7,1,P05023/X05009/X05010
144,D,120,NASV,8,2025-10-27,2026-07-18,264,192,6,5,3,P05023/X05009
144,D,121,NASV,8,2025-10-27,2026-07-18,264,192,6,5,3,P05023/X05009
147,A,174,DHDH,8,2025-12-02,2026-07-18,228,156,6,5,3,P05023/X05010
147,A,175,DHDH,8,2025-12-02,2026-07-18,228,156,6,5,3,P05023/X05010
150,D,124,SHSH,8,2025-11-08,2026-06-24,228,156,6,7,1,P05023/X05009/X05010
154,D,48,NASV,8,2025-11-08,2026-06-24,228,156,6,7,1,P05023/X05010
161,A,148,NASV,8,2025-10-28,2026-07-19,264,192,6,5,3,P05023/X05009/X05010
165,D,120,NASV,8,2025-11-21,2026-07-19,240,168,6,5,3,P05023/X05009/X05010
165,D,121,NASV,8,2025-11-21,2026-07-19,240,168,6,5,3,P05023/X05009/X05010
165,D,122,NASV,8,2025-11-21,2026-07-19,240,168,6,5,3,P05023/X05009/X05010
168,D,118,NASV,8,2025-10-28,2026-07-19,264,192,6,5,3,P05023/X05009
170,A,41,NASV,8,2025-10-28,2026-06-25,240,168,6,7,1,P05023/X05009/X05010
170,A,42,NASV,8,2025-10-28,2026-06-25,240,168,6,7,1,P05023/X05009/X05010
170,A,44,NASV,8,2025-10-28,2026-06-25,240,168,6,7,1,P05023/X05009/X05010
170,D,62,DHDH,8,2025-10-28,2026-07-07,252,180,6,7,1,P05023/X05009
170,D,66,DHDH,8,2025-10-28,2026-06-25,240,168,6,7,1,P05023/X05009
172,A,144,NASV,8,2025-11-22,2026-07-20,240,168,6,5,3,P05023/X05009/X05010
172,A,145,NASV,8,2025-11-22,2026-07-20,240,168,6,5,3,P05023/X05009/X05010
172,A,146,NASV,8,2025-11-22,2026-07-20,240,168,6,5,3,P05023/X05009/X05010
172,A,165,DHDH,8,2025-11-22,2026-07-20,240,168,6,5,3,P05023/X05009
172,A,166,DHDH,8,2025-11-22,2026-07-20,240,168,6,5,3,P05023/X05009
172,A,167,DHDH,8,2025-11-22,2026-07-20,240,168,6,5,3,P05023/X05009
172,A,168,DHDH,8,2025-11-22,2026-07-20,240,168,6,5,3,P05023/X05009
172,A,169,DHDH,8,2025-11-22,2026-07-20,240,168,6,5,3,P05023/X05009
172,A,170,DHDH,8,2025-11-22,2026-07-20,240,168,6,5,3,P05023/X05009
172,A,171,DHDH,8,2025-11-22,2026-07-20,240,168,6,5,3,P05023/X05009
172,A,172,DHDH,8,2025-11-22,2026-07-20,240,168,6,5,3,P05023/X05009
172,A,173,DHDH,8,2025-11-22,2026-07-20,240,168,6,5,3,P05023/X05009
172,A,174,DHDH,8,2025-11-22,2026-07-20,240,168,6,5,3,P05023/X05009
172,A,175,DHDH,8,2025-11-22,2026-07-20,240,168,6,5,3,P05023/X05009
172,A,176,DHDH,8,2025-11-22,2026-07-20,240,168,6,5,3,P05023/X05009
173,A,1,DHDH,8,2025-11-22,2026-07-20,240,168,6,5,3,P05023/X05009
173,A,2,DHDH,8,2025-11-22,2026-07-20,240,168,6,5,3,P05023/X05009
173,A,3,DHDH,8,2025-11-22,2026-07-20,240,168,6,5,3,P05023/X05009
173,A,4,DHDH,8,2025-11-22,2026-07-20,240,168,6,5,3,P05023/X05009
173,A,5,DHDH,8,2025-11-22,2026-07-20,240,168,6,5,3,P05023/X05009
173,A,6,DHDH,8,2025-11-22,2026-07-20,240,168,6,5,3,P05023/X05009
173,A,7,DHDH,8,2025-11-22,2026-07-20,240,168,6,5,3,P05023/X05009
173,A,8,DHDH,8,2025-11-22,2026-07-20,240,168,6,5,3,P05023/X05009
173,A,9,DHDH,8,2025-11-22,2026-07-20,240,168,6,5,3,P05023/X05009
10,A,39,NASV,8,2025-10-17,2026-06-26,252,168,5,7,1,P05023/X05009/X05010
11,A,40,NASV,8,2025-10-17,2026-06-26,252,168,5,7,1,P05023/X05009
11,A,41,NASV,8,2025-10-17,2026-06-26,252,168,5,7,1,P05023/X05009
11,A,45,NASV,8,2025-10-17,2026-06-26,252,168,5,7,1,P05023/X05009/X05010
15,D,55,DHDH,8,2025-11-11,2026-07-21,252,168,5,5,3,P05023/X05009
16,A,176,DHDH,8,2025-10-30,2026-07-21,264,168,5,5,3,P05023/X05009/X05010
17,A,32,NASV,8,2025-11-11,2026-07-21,252,168,5,5,3,P05023/X05009
17,A,33,NASV,8,2025-11-11,2026-07-21,252,168,5,5,3,P05023/X05009
17,A,34,NASV,8,2025-11-11,2026-07-21,252,168,5,5,3,P05023/X05009
17,A,35,NASV,8,2025-11-11,2026-07-21,252,168,5,5,3,P05023/X05009
17,A,36,NASV,8,2025-11-11,2026-07-21,252,168,5,5,3,P05023/X05009
17,A,37,NASV,8,2025-11-11,2026-07-21,252,168,5,5,3,P05023/X05009
17,A,38,NASV,8,2025-11-11,2026-07-21,252,168,5,5,3,P05023/X05009
17,A,39,NASV,8,2025-11-11,2026-07-21,252,168,5,5,3,P05023/X05009
17,A,40,NASV,8,2025-11-11,2026-07-21,252,168,5,5,3,P05023/X05009
17,A,41,NASV,8,2025-11-11,2026-07-21,252,168,5,5,3,P05023/X05009
17,A,162,DHDH,8,2025-11-11,2026-07-21,252,168,5,5,3,P05023/X05009/X05010
26,A,41,NASV,8,2025-10-19,2026-06-28,252,168,5,7,1,P05023/X05009/X05010
26,A,42,NASV,8,2025-10-19,2026-06-28,252,168,5,7,1,P05023/X05009/X05010
27,D,70,DHDH,8,2025-10-31,2026-07-22,264,168,5,5,3,P05023/X05009/X05010
27,D,71,DHDH,8,2025-10-31,2026-07-22,264,168,5,5,3,P05023/X05009/X05010
27,D,72,DHDH,8,2025-10-31,2026-07-22,264,168,5,5,3,P05023/X05009/X05010
27,D,73,DHDH,8,2025-10-31,2026-07-22,264,168,5,5,3,P05023/X05009/X05010
27,D,74,DHDH,8,2025-10-31,2026-07-22,264,168,5,5,3,P05023/X05009/X05010
27,D,75,DHDH,8,2025-10-31,2026-07-22,264,168,5,5,3,P05023/X05009/X05010
27,D,76,DHDH,8,2025-10-31,2026-07-22,264,168,5,5,3,P05023/X05009/X05010
28,A,1,DHDH,8,2025-11-12,2026-07-22,252,168,5,5,3,P05023/X05009/X05010
28,A,2,DHDH,8,2025-11-12,2026-07-22,252,168,5,5,3,P05023/X05009/X05010
28,A,3,DHDH,8,2025-11-12,2026-07-22,252,168,5,5,3,P05023/X05009/X05010
28,A,4,DHDH,8,2025-11-12,2026-07-22,252,168,5,5,3,P05023/X05009/X05010
28,A,5,DHDH,8,2025-11-12,2026-07-22,252,168,5,5,3,P05023/X05009/X05010
28,A,6,DHDH,8,2025-11-12,2026-07-22,252,168,5,5,3,P05023/X05009/X05010
28,A,7,DHDH,8,2025-11-12,2026-07-22,252,168,5,5,3,P05023/X05009/X05010
28,A,8,DHDH,8,2025-11-12,2026-07-22,252,168,5,5,3,P05023/X05009/X05010
28,A,9,DHDH,8,2025-11-12,2026-07-22,252,168,5,5,3,P05023/X05009/X05010
28,A,10,DHDH,8,2025-11-12,2026-07-22,252,168,5,5,3,P05023/X05009/X05010
28,A,11,DHDH,8,2025-11-12,2026-07-22,252,168,5,5,3,P05023/X05009/X05010
28,A,12,DHDH,8,2025-11-12,2026-07-22,252,168,5,5,3,P05023/X05009/X05010
28,A,13,DHDH,8,2025-11-12,2026-07-22,252,168,5,5,3,P05023/X05009/X05010
28,A,14,DHDH,8,2025-11-12,2026-07-22,252,168,5,5,3,P05023/X05009/X05010
28,A,15,DHDH,8,2025-11-12,2026-07-22,252,168,5,5,3,P05023/X05009/X05010
28,A,16,DHDH,8,2025-11-12,2026-07-22,252,168,5,5,3,P05023/X05009/X05010
28,A,17,DHDH,8,2025-11-12,2026-07-22,252,168,5,5,3,P05023/X05009/X05010
28,A,28,DHDH,8,2025-11-12,2026-07-22,252,168,5,5,3,P05023/X05009/X05010
28,A,29,DHDH,8,2025-11-12,2026-07-22,252,168,5,5,3,P05023/X05009/X05010
32,A,20,NADV,8,2025-10-31,2026-07-10,252,168,5,6,2,P05023/X05009/X05010
32,A,21,NADV,8,2025-10-31,2026-07-10,252,168,5,6,2,P05023/X05009/X05010
33,A,20,DHDH,8,2025-10-31,2026-07-22,264,180,5,5,3,P05023/X05009
33,A,21,DHDH,8,2025-10-31,2026-07-22,264,180,5,5,3,P05023/X05009
33,A,22,DHDH,8,2025-10-31,2026-07-22,264,180,5,5,3,P05023/X05009
33,A,23,DHDH,8,2025-10-31,2026-07-22,264,180,5,5,3,P05023/X05009
33,A,24,DHDH,8,2025-10-31,2026-07-22,264,180,5,5,3,P05023/X05009
33,A,25,DHDH,8,2025-10-31,2026-07-22,264,180,5,5,3,P05023/X05009
34,A,44,NASV,8,2025-11-12,2026-07-22,252,168,5,5,3,P05023/X05009/X05010
34,A,45,NASV,8,2025-11-12,2026-07-22,252,168,5,5,3,P05023/X05009/X05010
42,A,165,DHDH,8,2025-11-25,2026-07-23,240,156,5,4,4,P05023/X05010
42,A,166,DHDH,8,2025-11-25,2026-07-23,240,156,5,4,4,P05023/X05010
45,A,174,DHDH,8,2025-11-01,2026-07-23,264,168,5,5,3,P05023/X05009/X05010
45,A,175,DHDH,8,2025-11-01,2026-07-23,264,168,5,5,3,P05023/X05009/X05010
46,A,34,NASV,8,2025-11-25,2026-07-23,240,156,5,4,4,P05023/X05009/X05010
46,A,35,NASV,8,2025-11-25,2026-07-23,240,156,5,4,4,P05023/X05009/X05010
46,A,36,NASV,8,2025-11-25,2026-07-23,240,156,5,4,4,P05023/X05009/X05010
46,A,37,NASV,8,2025-11-25,2026-07-23,240,156,5,4,4,P05023/X05009/X05010
46,A,38,NASV,8,2025-11-25,2026-07-23,240,156,5,4,4,P05023/X05009/X05010
46,A,39,NASV,8,2025-11-25,2026-07-23,240,156,5,4,4,P05023/X05009/X05010
46,A,40,NASV,8,2025-11-25,2026-07-23,240,156,5,4,4,P05023/X05009/X05010
46,A,41,NASV,8,2025-11-25,2026-07-23,240,156,5,4,4,P05023/X05009/X05010
50,D,66,DHDH,8,2025-11-01,2026-07-23,264,168,5,5,3,P05023/X05009/X05010
50,D,67,DHDH,8,2025-11-01,2026-07-23,264,168,5,5,3,P05023/X05009/X05010
50,D,68,DHDH,8,2025-11-01,2026-07-23,264,168,5,5,3,P05023/X05009/X05010
50,D,69,DHDH,8,2025-11-01,2026-07-23,264,168,5,5,3,P05023/X05009/X05010
50,D,70,DHDH,8,2025-11-01,2026-07-23,264,168,5,5,3,P05023/X05009/X05010
50,D,71,DHDH,8,2025-11-01,2026-07-23,264,168,5,5,3,P05023/X05009/X05010
50,D,72,DHDH,8,2025-11-01,2026-07-23,264,168,5,5,3,P05023/X05009/X05010
50,D,73,DHDH,8,2025-11-01,2026-07-23,264,168,5,5,3,P05023/X05009/X05010
50,D,74,DHDH,8,2025-11-01,2026-07-23,264,168,5,5,3,P05023/X05009/X05010
50,D,75,DHDH,8,2025-11-01,2026-07-23,264,168,5,5,3,P05023/X05009/X05010
50,D,76,DHDH,8,2025-11-01,2026-07-23,264,168,5,5,3,P05023/X05009/X05010
50,D,77,DHDH,8,2025-11-01,2026-07-23,264,168,5,5,3,P05023/X05009/X05010
50,D,78,DHDH,8,2025-11-01,2026-07-23,264,168,5,5,3,P05023/X05009/X05010
55,A,11,DHDH,8,2025-11-26,2026-07-24,240,156,5,4,4,P05023/X05009/X05010
55,A,12,DHDH,8,2025-11-26,2026-07-24,240,156,5,4,4,P05023/X05009/X05010
55,A,13,DHDH,8,2025-11-26,2026-07-24,240,156,5,4,4,P05023/X05009/X05010
55,A,14,DHDH,8,2025-11-26,2026-07-24,240,156,5,4,4,P05023/X05009/X05010
55,A,15,DHDH,8,2025-11-26,2026-07-24,240,156,5,4,4,P05023/X05009/X05010
55,A,16,DHDH,8,2025-11-26,2026-07-24,240,156,5,4,4,P05023/X05009/X05010
55,A,17,DHDH,8,2025-11-26,2026-07-24,240,156,5,4,4,P05023/X05009/X05010
55,A,18,DHDH,8,2025-11-26,2026-07-24,240,156,5,4,4,P05023/X05009/X05010
55,A,19,DHDH,8,2025-11-26,2026-07-24,240,156,5,4,4,P05023/X05009/X05010
55,A,20,DHDH,8,2025-11-26,2026-07-24,240,156,5,4,4,P05023/X05009/X05010
60,A,148,NASV,8,2025-10-21,2026-07-24,276,192,5,6,2,P05023/X05009
62,A,12,NADV,8,2025-11-02,2026-07-24,264,156,5,4,4,P05023/X05009/X05010
62,A,13,NADV,8,2025-11-02,2026-07-24,264,156,5,4,4,P05023/X05009/X05010
62,A,14,NADV,8,2025-11-02,2026-07-24,264,156,5,4,4,P05023/X05009/X05010
62,A,16,DHDH,8,2025-11-02,2026-07-24,264,156,5,4,4,P05023/X05009/X05010
62,A,17,DHDH,8,2025-11-02,2026-07-24,264,156,5,4,4,P05023/X05009/X05010
64,D,120,NASV,8,2025-11-26,2026-07-24,240,156,5,4,4,P05023/X05009/X05010
64,D,121,NASV,8,2025-11-26,2026-07-24,240,156,5,4,4,P05023/X05009/X05010
64,D,122,NASV,8,2025-11-26,2026-07-24,240,156,5,4,4,P05023/X05009/X05010
73,D,53,DHDH,8,2025-11-15,2026-07-13,240,156,5,5,3,P05023/X05009/X05010
77,A,14,DHDH,8,2025-11-03,2026-07-25,264,180,5,4,4,P05023/X05009
77,A,15,DHDH,8,2025-11-03,2026-07-25,264,180,5,4,4,P05023/X05009
77,A,16,DHDH,8,2025-11-03,2026-07-25,264,180,5,4,4,P05023/X05009
77,A,17,DHDH,8,2025-11-03,2026-07-25,264,180,5,4,4,P05023/X05009
77,A,18,DHDH,8,2025-11-03,2026-07-25,264,180,5,4,4,P05023/X05009
77,A,19,DHDH,8,2025-11-03,2026-07-25,264,180,5,4,4,P05023/X05009
77,A,20,DHDH,8,2025-11-03,2026-07-25,264,180,5,4,4,P05023/X05009
77,A,21,DHDH,8,2025-11-03,2026-07-25,264,180,5,4,4,P05023/X05009
77,A,22,DHDH,8,2025-11-03,2026-07-25,264,180,5,4,4,P05023/X05009
77,A,23,DHDH,8,2025-11-03,2026-07-25,264,180,5,4,4,P05023/X05009
77,A,24,DHDH,8,2025-11-03,2026-07-25,264,180,5,4,4,P05023/X05009
77,A,25,DHDH,8,2025-11-03,2026-07-25,264,180,5,4,4,P05023/X05009
77,A,26,DHDH,8,2025-11-03,2026-07-25,264,180,5,4,4,P05023/X05009
77,A,27,DHDH,8,2025-11-03,2026-07-25,264,180,5,4,4,P05023/X05009
77,A,28,DHDH,8,2025-11-03,2026-07-25,264,180,5,4,4,P05023/X05009
77,A,29,DHDH,8,2025-11-03,2026-07-25,264,180,5,4,4,P05023/X05009
77,A,30,DHDH,8,2025-11-03,2026-07-25,264,180,5,4,4,P05023/X05009
77,A,31,DHDH,8,2025-11-03,2026-07-25,264,180,5,4,4,P05023/X05009
77,A,32,DHDH,8,2025-11-03,2026-07-25,264,180,5,4,4,P05023/X05009
77,A,33,DHDH,8,2025-11-03,2026-07-25,264,180,5,4,4,P05023/X05009
82,A,137,SHSH,8,2025-11-27,2026-07-25,240,156,5,4,4,P05023/X05009/X05010
82,A,138,SHSH,8,2025-11-27,2026-07-25,240,156,5,4,4,P05023/X05010
84,A,13,DHDH,8,2025-11-28,2026-07-26,240,156,5,4,4,P05023/X05009/X05010
84,A,14,DHDH,8,2025-11-28,2026-07-26,240,156,5,4,4,P05023/X05009/X05010
84,A,15,DHDH,8,2025-11-28,2026-07-26,240,156,5,4,4,P05023/X05009/X05010
84,A,16,DHDH,8,2025-11-28,2026-07-26,240,156,5,4,4,P05023/X05009/X05010
84,A,17,DHDH,8,2025-11-28,2026-07-26,240,156,5,4,4,P05023/X05009/X05010
84,A,18,DHDH,8,2025-11-28,2026-07-26,240,156,5,4,4,P05023/X05009/X05010
84,D,69,QPDH,8,2025-11-04,2026-07-26,264,168,5,5,3,P05023/X05009/X05010
87,D,108,DHDH,8,2025-11-04,2026-07-26,264,156,5,4,4,P05023/X05009/X05010
87,D,109,DHDH,8,2025-11-04,2026-07-26,264,156,5,4,4,P05023/X05010
98,D,76,NADV,8,2025-11-29,2026-07-27,240,156,5,5,3,P05023/X05009/X05010
102,D,53,DHDH,8,2025-11-29,2026-07-27,240,156,5,4,4,P05023/X05009/X05010
102,D,54,DHDH,8,2025-11-29,2026-07-27,240,156,5,4,4,P05023/X05009/X05010
102,D,55,DHDH,8,2025-11-29,2026-07-27,240,156,5,4,4,P05023/X05009/X05010
102,D,56,DHDH,8,2025-11-29,2026-07-27,240,156,5,4,4,P05023/X05009/X05010
102,D,57,DHDH,8,2025-11-29,2026-07-27,240,156,5,4,4,P05023/X05009/X05010
106,A,28,DHDH,8,2025-10-24,2026-07-27,276,168,5,4,4,P05023/X05009
106,A,29,DHDH,8,2025-10-24,2026-07-27,276,168,5,4,4,P05023/X05009
106,A,30,DHDH,8,2025-10-24,2026-07-27,276,168,5,4,4,P05023/X05009
106,A,31,DHDH,8,2025-10-24,2026-07-27,276,168,5,4,4,P05023/X05009
106,A,32,DHDH,8,2025-10-24,2026-07-27,276,168,5,4,4,P05023/X05009
106,A,33,DHDH,8,2025-10-24,2026-07-27,276,168,5,4,4,P05023/X05009
106,A,37,DHDH,8,2025-11-05,2026-07-27,264,168,5,4,4,P05023/X05009/X05010
118,A,157,DHDH,8,2025-11-06,2026-07-16,252,156,5,5,3,P05023/X05009/X05010
118,A,158,DHDH,8,2025-11-06,2026-07-16,252,156,5,5,3,P05023/X05009/X05010
118,A,159,DHDH,8,2025-11-06,2026-07-16,252,156,5,5,3,P05023/X05009/X05010
118,A,160,DHDH,8,2025-11-06,2026-07-16,252,156,5,5,3,P05023/X05009/X05010
118,A,161,DHDH,8,2025-11-06,2026-07-16,252,156,5,5,3,P05023/X05009/X05010
118,A,162,DHDH,8,2025-11-06,2026-07-16,252,156,5,5,3,P05023/X05009/X05010
118,A,164,DHDH,8,2025-11-06,2026-07-16,252,156,5,5,3,P05023/X05009/X05010
118,A,165,DHDH,8,2025-11-06,2026-07-16,252,156,5,5,3,P05023/X05009/X05010
118,A,166,DHDH,8,2025-11-06,2026-07-16,252,156,5,5,3,P05023/X05009/X05010
118,A,167,DHDH,8,2025-11-06,2026-07-16,252,156,5,5,3,P05023/X05009/X05010
118,A,168,DHDH,8,2025-11-06,2026-07-16,252,156,5,5,3,P05023/X05009/X05010
118,A,169,DHDH,8,2025-11-06,2026-07-16,252,156,5,5,3,P05023/X05009/X05010
118,A,170,DHDH,8,2025-11-06,2026-07-16,252,156,5,5,3,P05023/X05009/X05010
119,A,18,DHDH,8,2025-11-06,2026-07-16,252,156,5,5,3,P05023/X05009/X05010
119,A,19,DHDH,8,2025-11-06,2026-07-16,252,156,5,5,3,P05023/X05009/X05010
119,A,20,DHDH,8,2025-11-06,2026-07-16,252,156,5,5,3,P05023/X05009/X05010
119,A,21,DHDH,8,2025-11-06,2026-07-16,252,156,5,5,3,P05023/X05009/X05010
120,A,11,DHDH,8,2025-10-25,2026-07-16,264,156,5,5,3,P05023/X05009/X05010
120,A,12,DHDH,8,2025-10-25,2026-07-16,264,156,5,5,3,P05023/X05009/X05010
120,A,13,DHDH,8,2025-10-25,2026-07-16,264,156,5,5,3,P05023/X05009/X05010
120,A,14,DHDH,8,2025-10-25,2026-07-16,264,156,5,5,3,P05023/X05009/X05010
120,A,15,DHDH,8,2025-10-25,2026-07-16,264,156,5,5,3,P05023/X05009/X05010
120,A,16,DHDH,8,2025-10-25,2026-07-16,264,156,5,5,3,P05023/X05009/X05010
120,A,17,DHDH,8,2025-10-25,2026-07-16,264,156,5,5,3,P05023/X05009/X05010
120,A,18,DHDH,8,2025-10-25,2026-07-16,264,156,5,5,3,P05023/X05009/X05010
120,A,19,DHDH,8,2025-10-25,2026-07-16,264,156,5,5,3,P05023/X05009/X05010
120,A,20,DHDH,8,2025-10-25,2026-07-16,264,156,5,5,3,P05023/X05009/X05010
120,A,21,DHDH,8,2025-10-25,2026-07-16,264,156,5,5,3,P05023/X05009/X05010
120,A,22,DHDH,8,2025-10-25,2026-07-16,264,156,5,5,3,P05023/X05009/X05010
120,A,23,DHDH,8,2025-10-25,2026-07-16,264,156,5,5,3,P05023/X05009/X05010
120,A,24,DHDH,8,2025-10-25,2026-07-16,264,156,5,5,3,P05023/X05009/X05010
120,A,25,DHDH,8,2025-10-25,2026-07-16,264,156,5,5,3,P05023/X05009/X05010
120,A,26,DHDH,8,2025-10-25,2026-07-16,264,156,5,5,3,P05023/X05009/X05010
120,A,27,DHDH,8,2025-10-25,2026-07-16,264,156,5,5,3,P05023/X05009/X05010
120,A,28,DHDH,8,2025-10-25,2026-07-16,264,156,5,5,3,P05023/X05009/X05010
120,A,29,DHDH,8,2025-10-25,2026-07-16,264,156,5,5,3,P05023/X05009/X05010
128,A,176,DHDH,8,2025-10-26,2026-07-17,264,180,5,5,3,P05023/X05009
129,A,1,DHDH,8,2025-10-26,2026-07-17,264,180,5,5,3,P05023/X05009
129,A,2,DHDH,8,2025-10-26,2026-07-17,264,180,5,5,3,P05023/X05009
129,A,3,DHDH,8,2025-10-26,2026-07-17,264,180,5,5,3,P05023/X05009
129,A,4,DHDH,8,2025-10-26,2026-07-17,264,180,5,5,3,P05023/X05009
129,A,5,DHDH,8,2025-10-26,2026-07-17,264,180,5,5,3,P05023/X05009
129,A,6,DHDH,8,2025-10-26,2026-07-17,264,180,5,5,3,P05023/X05009
129,A,7,DHDH,8,2025-10-26,2026-07-17,264,180,5,5,3,P05023/X05009
129,A,144,NASV,8,2025-11-19,2026-07-17,240,156,5,5,3,P05023/X05009/X05010
129,A,145,NASV,8,2025-11-19,2026-07-17,240,156,5,5,3,P05023/X05009/X05010
129,A,146,NASV,8,2025-11-19,2026-07-17,240,156,5,5,3,P05023/X05009/X05010
135,A,17,NADV,8,2025-11-07,2026-07-17,252,168,5,5,3,P05023/X05009/X05010
135,A,25,NADV,8,2025-11-07,2026-07-17,252,168,5,5,3,P05023/X05009/X05010
135,A,26,NADV,8,2025-11-07,2026-07-17,252,168,5,5,3,P05023/X05009/X05010
142,A,9,DVDV,8,2025-11-20,2026-07-18,240,156,5,5,3,P05023/X05009/X05010
142,A,10,DVDV,8,2025-11-20,2026-07-18,240,156,5,5,3,P05023/X05009/X05010
142,A,11,DVDV,8,2025-11-20,2026-07-18,240,156,5,5,3,P05023/X05009/X05010
142,A,12,DVDV,8,2025-11-20,2026-07-18,240,156,5,5,3,P05023/X05009/X05010
148,A,16,DHDH,8,2025-10-27,2026-07-18,264,180,5,5,3,P05023/X05009
149,A,23,DHDH,8,2025-11-08,2026-07-18,252,156,5,5,3,P05023/X05009/X05010
149,A,24,DHDH,8,2025-11-08,2026-07-18,252,156,5,5,3,P05023/X05009/X05010
149,A,25,DHDH,8,2025-11-08,2026-07-18,252,156,5,5,3,P05023/X05009/X05010
149,A,26,DHDH,8,2025-11-08,2026-07-18,252,156,5,5,3,P05023/X05009/X05010
149,A,27,DHDH,8,2025-11-08,2026-07-18,252,156,5,5,3,P05023/X05009/X05010
149,A,28,DHDH,8,2025-11-08,2026-07-18,252,156,5,5,3,P05023/X05009/X05010
149,A,29,DHDH,8,2025-11-08,2026-07-18,252,156,5,5,3,P05023/X05009/X05010
149,A,45,NASV,8,2025-11-08,2026-07-18,252,156,5,5,3,P05023/X05009/X05010
149,D,46,NASV,8,2025-11-08,2026-07-18,252,156,5,5,3,P05023/X05009/X05010
149,D,47,NASV,8,2025-11-08,2026-07-18,252,156,5,5,3,P05023/X05009/X05010
149,D,48,NASV,8,2025-11-08,2026-07-18,252,156,5,5,3,P05023/X05009/X05010
149,D,49,NASV,8,2025-11-08,2026-07-18,252,156,5,5,3,P05023/X05009/X05010
164,A,15,NADV,8,2025-11-09,2026-07-19,252,156,5,5,3,P05023/X05009/X05010
164,A,16,NADV,8,2025-11-09,2026-07-19,252,156,5,5,3,P05023/X05009/X05010
164,A,17,NADV,8,2025-11-09,2026-07-19,252,156,5,5,3,P05023/X05009/X05010
164,A,18,NADV,8,2025-11-09,2026-07-19,252,156,5,5,3,P05023/X05009/X05010
164,A,19,NADV,8,2025-11-09,2026-07-19,252,156,5,5,3,P05023/X05009/X05010
164,A,20,NADV,8,2025-11-09,2026-07-19,252,156,5,5,3,P05023/X05009/X05010
164,A,21,NADV,8,2025-11-09,2026-07-19,252,156,5,5,3,P05023/X05009/X05010
164,A,22,NADV,8,2025-11-09,2026-07-19,252,156,5,5,3,P05023/X05009/X05010
164,A,23,NADV,8,2025-11-09,2026-07-19,252,156,5,5,3,P05023/X05009/X05010
164,A,24,NADV,8,2025-11-09,2026-07-19,252,156,5,5,3,P05023/X05009/X05010
164,A,25,NADV,8,2025-11-09,2026-07-19,252,156,5,5,3,P05023/X05009/X05010
164,A,26,NADV,8,2025-11-09,2026-07-19,252,156,5,5,3,P05023/X05009/X05010
164,A,27,NADV,8,2025-11-09,2026-07-19,252,156,5,5,3,P05023/X05009/X05010
164,A,28,NADV,8,2025-11-09,2026-07-19,252,156,5,5,3,P05023/X05009/X05010
164,A,29,NADV,8,2025-11-09,2026-07-19,252,156,5,5,3,P05023/X05009/X05010
164,A,31,DHDH,8,2025-11-09,2026-07-19,252,156,5,5,3,P05023/X05009/X05010
164,A,32,DHDH,8,2025-11-09,2026-07-19,252,156,5,5,3,P05023/X05009/X05010
164,A,33,DHDH,8,2025-11-09,2026-07-19,252,156,5,5,3,P05023/X05009/X05010
164,A,36,DHDH,8,2025-11-09,2026-07-19,252,156,5,5,3,P05023/X05009/X05010
164,A,37,DHDH,8,2025-11-09,2026-07-19,252,156,5,5,3,P05023/X05009/X05010
166,D,61,DHDH,8,2025-10-28,2026-07-19,264,180,5,5,3,P05023/X05009
166,D,62,DHDH,8,2025-10-28,2026-07-19,264,180,5,5,3,P05023/X05009
166,D,63,DHDH,8,2025-10-28,2026-07-19,264,180,5,5,3,P05023/X05009
166,D,64,DHDH,8,2025-10-28,2026-07-19,264,180,5,5,3,P05023/X05009
166,D,65,DHDH,8,2025-10-28,2026-07-19,264,180,5,5,3,P05023/X05009
166,D,66,DHDH,8,2025-10-28,2026-07-19,264,180,5,5,3,P05023/X05009
166,D,67,DHDH,8,2025-10-28,2026-07-19,264,180,5,5,3,P05023/X05009
166,D,68,DHDH,8,2025-10-28,2026-07-19,264,180,5,5,3,P05023/X05009
166,D,69,DHDH,8,2025-10-28,2026-07-19,264,180,5,5,3,P05023/X05009
4,A,24,DHDH,8,2025-10-29,2026-07-20,264,168,4,5,3,P05023/X05009
4,A,25,DHDH,8,2025-10-29,2026-07-20,264,168,4,5,3,P05023/X05009
4,A,26,DHDH,8,2025-10-29,2026-07-20,264,168,4,5,3,P05023/X05009
9,D,119,NASV,8,2025-10-29,2026-07-20,264,168,4,5,3,P05023/X05009/X05010
9,D,120,NASV,8,2025-10-29,2026-07-20,264,168,4,5,3,P05023/X05009/X05010
9,D,121,NASV,8,2025-10-29,2026-07-20,264,168,4,5,3,P05023/X05009/X05010
9,D,122,NASV,8,2025-10-29,2026-07-20,264,168,4,5,3,P05023/X05009/X05010
9,D,123,NASV,8,2025-10-29,2026-07-20,264,168,4,5,3,P05023/X05009/X05010
9,D,124,NASV,8,2025-10-29,2026-07-20,264,168,4,5,3,P05023/X05009/X05010
9,D,125,NASV,8,2025-10-29,2026-07-20,264,168,4,5,3,P05023/X05009/X05010
21,D,67,DHDH,8,2025-10-30,2026-07-21,264,168,4,5,3,P05023/X05009
21,D,68,DHDH,8,2025-10-30,2026-07-21,264,168,4,5,3,P05023/X05009
50,A,9,NADV,8,2025-11-01,2026-07-23,264,156,4,4,4,P05023/X05010
63,A,28,DHDH,8,2025-11-14,2026-07-24,252,156,4,4,4,P05023/X05009/X05010
93,D,67,DHDH,8,2025-11-16,2026-07-26,252,156,4,4,4,P05023/X05009/X05010
93,D,68,DHDH,8,2025-11-16,2026-07-26,252,156,4,4,4,P05023/X05009/X05010
93,D,70,DHDH,8,2025-11-16,2026-07-26,252,156,4,4,4,P05023/X05009/X05010
93,D,78,DHDH,8,2025-11-16,2026-07-26,252,156,4,4,4,P05023/X05009/X05010
98,D,54,NASV,8,2025-10-24,2026-07-03,252,156,4,6,2,P05023/X05009/X05010
100,A,144,NASV,8,2025-11-17,2026-07-27,252,156,4,4,4,P05023/X05009/X05010
114,D,73,NADV,8,2025-11-06,2026-07-16,252,156,4,5,3,P05023/X05009/X05010
114,D,74,NADV,8,2025-11-06,2026-07-16,252,156,4,5,3,P05023/X05009/X05010
117,A,170,DHDH,8,2025-11-06,2026-07-16,252,156,4,5,3,P05023/X05009/X05010
117,A,171,DHDH,8,2025-11-06,2026-07-16,252,156,4,5,3,P05023/X05009/X05010
117,A,172,DHDH,8,2025-11-06,2026-07-16,252,156,4,5,3,P05023/X05009/X05010
117,A,173,DHDH,8,2025-11-06,2026-07-16,252,156,4,5,3,P05023/X05009/X05010
117,A,174,DHDH,8,2025-11-06,2026-07-16,252,156,4,5,3,P05023/X05009/X05010
117,A,175,DHDH,8,2025-11-06,2026-07-16,252,156,4,5,3,P05023/X05009/X05010
117,A,176,DHDH,8,2025-11-06,2026-07-16,252,156,4,5,3,P05023/X05009/X05010
118,A,1,DHDH,8,2025-11-06,2026-07-16,252,156,4,5,3,P05023/X05010
122,D,67,DHDH,8,2025-11-06,2026-07-16,252,156,4,5,3,P05023/X05009/X05010
122,D,69,DHDH,8,2025-11-06,2026-07-16,252,156,4,5,3,P05023/X05009/X05010
122,D,70,DHDH,8,2025-11-06,2026-07-16,252,156,4,5,3,P05023/X05009/X05010
122,D,71,DHDH,8,2025-11-06,2026-07-16,252,156,4,5,3,P05023/X05009/X05010
122,D,72,DHDH,8,2025-11-06,2026-07-16,252,156,4,5,3,P05023/X05009/X05010
122,D,73,DHDH,8,2025-11-06,2026-07-16,252,156,4,5,3,P05023/X05009/X05010
122,D,74,DHDH,8,2025-11-06,2026-07-16,252,156,4,5,3,P05023/X05009/X05010
127,D,68,DHDH,8,2025-10-26,2026-07-17,264,156,4,5,3,P05023/X05009/X05010
127,D,69,DHDH,8,2025-10-26,2026-07-17,264,156,4,5,3,P05023/X05009/X05010
127,D,70,DHDH,8,2025-10-26,2026-07-17,264,156,4,5,3,P05023/X05009/X05010
127,D,71,DHDH,8,2025-10-26,2026-07-17,264,156,4,5,3,P05023/X05009/X05010
127,D,72,DHDH,8,2025-10-26,2026-07-17,264,156,4,5,3,P05023/X05009/X05010
127,D,73,DHDH,8,2025-10-26,2026-07-17,264,156,4,5,3,P05023/X05009/X05010
129,A,20,DHDH,8,2025-11-07,2026-07-17,252,156,4,5,3,P05023/X05009/X05010
129,A,21,DHDH,8,2025-11-07,2026-07-17,252,156,4,5,3,P05023/X05009/X05010
129,A,22,DHDH,8,2025-11-07,2026-07-17,252,156,4,5,3,P05023/X05009/X05010
129,A,23,DHDH,8,2025-11-07,2026-07-17,252,156,4,5,3,P05023/X05009/X05010
129,A,24,DHDH,8,2025-11-07,2026-07-17,252,156,4,5,3,P05023/X05009/X05010
129,A,25,DHDH,8,2025-11-07,2026-07-17,252,156,4,5,3,P05023/X05009/X05010
129,A,26,DHDH,8,2025-11-07,2026-07-17,252,156,4,5,3,P05023/X05009/X05010
129,A,27,DHDH,8,2025-11-07,2026-07-17,252,156,4,5,3,P05023/X05009/X05010
129,A,28,DHDH,8,2025-11-07,2026-07-17,252,156,4,5,3,P05023/X05009/X05010
129,A,29,DHDH,8,2025-11-07,2026-07-17,252,156,4,5,3,P05023/X05009/X05010
129,A,30,DHDH,8,2025-11-07,2026-07-17,252,156,4,5,3,P05023/X05010
129,D,64,NADV,8,2025-11-07,2026-07-17,252,156,4,5,3,P05023/X05009/X05010
129,D,65,NADV,8,2025-11-07,2026-07-17,252,156,4,5,3,P05023/X05009/X05010
129,D,66,NADV,8,2025-11-07,2026-07-17,252,156,4,5,3,P05023/X05009/X05010
136,D,82,DHDH,8,2025-10-26,2026-07-17,264,156,4,5,3,P05023/X05009/X05010
147,A,169,DHDH,8,2025-11-08,2026-07-18,252,156,4,5,3,P05023/X05010
142,D,61,DHDH,8,2025-10-27,2026-07-18,264,156,3,5,3,P05023/X05009/X05010
142,D,62,DHDH,8,2025-10-27,2026-07-18,264,156,3,5,3,P05023/X05009/X05010
142,D,63,DHDH,8,2025-10-27,2026-07-18,264,156,3,5,3,P05023/X05009/X05010
142,D,64,DHDH,8,2025-10-27,2026-07-18,264,156,3,5,3,P05023/X05009/X05010
142,D,65,DHDH,8,2025-10-27,2026-07-18,264,156,3,5,3,P05023/X05009/X05010
142,D,66,DHDH,8,2025-10-27,2026-07-18,264,156,3,5,3,P05023/X05009/X05010
142,D,67,DHDH,8,2025-10-27,2026-07-18,264,156,3,5,3,P05023/X05009/X05010
142,D,68,DHDH,8,2025-10-27,2026-07-18,264,156,3,5,3,P05023/X05009/X05010
142,D,69,DHDH,8,2025-10-27,2026-07-18,264,156,3,5,3,P05023/X05009/X05010
142,D,70,DHDH,8,2025-10-27,2026-07-18,264,156,3,5,3,P05023/X05009/X05010
142,D,71,DHDH,8,2025-10-27,2026-07-18,264,156,3,5,3,P05023/X05009/X05010
142,D,72,DHDH,8,2025-10-27,2026-07-18,264,156,3,5,3,P05023/X05009/X05010
